origen_turista,Gasto_persona,Gasto_persona_día,year,month
ESPAÑA,465.42,81.44,2021,12
Francia,482.04,106.16,2021,12
Italia,,,2021,12
Reino Unido,1290.94,110.71,2021,12
Alemania,999.58,133.87,2021,12
"Bélgica, Luxemburgo y Países Bajos",1273.27,83.32,2021,12
Países nórdicos,,,2021,12
ESPAÑA,440.91,80.7,2021,11
Francia,874.99,100.55,2021,11
Italia,967.22,94.38,2021,11
Reino Unido,1113.53,107.06,2021,11
Alemania,1016.66,136.97,2021,11
"Bélgica, Luxemburgo y Países Bajos",936.42,146.52,2021,11
Países nórdicos,1435.65,138.28,2021,11
ESPAÑA,534.77,89.99,2021,10
Francia,835.99,170.52,2021,10
Italia,656.07,162.64,2021,10
Reino Unido,1011.23,150.66,2021,10
Alemania,1146.05,140.81,2021,10
"Bélgica, Luxemburgo y Países Bajos",1202.93,162.94,2021,10
Países nórdicos,1104.14,173.78,2021,10
ESPAÑA,718.54,85.85,2021,9
Francia,985.41,149.05,2021,9
Italia,973.39,139.93,2021,9
Reino Unido,1076.26,145.42,2021,9
Alemania,1128.95,140.9,2021,9
"Bélgica, Luxemburgo y Países Bajos",1142.84,180.33,2021,9
Países nórdicos,1167.73,184.84,2021,9
ESPAÑA,741.36,94.07,2021,8
Francia,1121.81,157.54,2021,8
Italia,1093.42,143.91,2021,8
Reino Unido,1294.68,155.36,2021,8
Alemania,1100.02,155.16,2021,8
"Bélgica, Luxemburgo y Países Bajos",1270.89,180.54,2021,8
Países nórdicos,1386.38,178.06,2021,8
ESPAÑA,611.89,91.94,2021,7
Francia,1155.17,177.3,2021,7
Italia,927.22,178.29,2021,7
Reino Unido,1177.84,186.22,2021,7
Alemania,1223.7,158.34,2021,7
"Bélgica, Luxemburgo y Países Bajos",1289.8,199.91,2021,7
Países nórdicos,1401.4,171.18,2021,7
ESPAÑA,614.01,104.94,2021,6
Francia,980.05,161.93,2021,6
Italia,803.0,131.93,2021,6
Reino Unido,1222.7,126.51,2021,6
Alemania,1118.37,158.71,2021,6
"Bélgica, Luxemburgo y Países Bajos",1143.36,178.16,2021,6
Países nórdicos,1076.03,159.93,2021,6
ESPAÑA,498.64,87.15,2021,5
Francia,918.7,158.69,2021,5
Italia,740.62,130.23,2021,5
Reino Unido,1071.89,106.79,2021,5
Alemania,1034.09,138.94,2021,5
"Bélgica, Luxemburgo y Países Bajos",1050.49,156.79,2021,5
Países nórdicos,1029.79,178.11,2021,5
ESPAÑA,480.74,59.29,2021,4
Francia,799.41,123.63,2021,4
Italia,,,2021,4
Reino Unido,993.66,116.51,2021,4
Alemania,1025.33,124.78,2021,4
"Bélgica, Luxemburgo y Países Bajos",948.3,134.19,2021,4
Países nórdicos,1176.03,116.53,2021,4
ESPAÑA,495.09,63.83,2021,3
Francia,1064.94,141.8,2021,3
Italia,715.61,76.71,2021,3
Reino Unido,745.67,124.08,2021,3
Alemania,910.56,108.39,2021,3
"Bélgica, Luxemburgo y Países Bajos",972.35,121.56,2021,3
Países nórdicos,,,2021,3
ESPAÑA,453.8,54.24,2021,2
Francia,,,2021,2
Italia,,,2021,2
Reino Unido,763.84,109.64,2021,2
Alemania,1100.69,88.51,2021,2
"Bélgica, Luxemburgo y Países Bajos",946.45,144.88,2021,2
Países nórdicos,1448.5,93.62,2021,2
ESPAÑA,496.5,42.9,2021,1
Francia,1164.64,79.51,2021,1
Italia,,,2021,1
Reino Unido,742.77,122.89,2021,1
Alemania,900.79,96.57,2021,1
"Bélgica, Luxemburgo y Países Bajos",1116.78,138.68,2021,1
Países nórdicos,1355.48,101.54,2021,1
ESPAÑA,430.09,59.2,2020,12
Francia,,,2020,12
Italia,996.17,79.08,2020,12
Reino Unido,733.84,77.77,2020,12
Alemania,975.25,102.14,2020,12
"Bélgica, Luxemburgo y Países Bajos",1035.9,164.78,2020,12
Países nórdicos,,,2020,12
ESPAÑA,522.02,66.66,2020,11
Francia,805.46,138.77,2020,11
Italia,879.9,86.25,2020,11
Reino Unido,1132.09,86.88,2020,11
Alemania,1024.18,99.76,2020,11
"Bélgica, Luxemburgo y Países Bajos",1133.47,154.04,2020,11
Países nórdicos,,,2020,11
ESPAÑA,483.79,68.04,2020,10
Francia,810.34,143.13,2020,10
Italia,1244.97,74.92,2020,10
Reino Unido,1153.37,78.71,2020,10
Alemania,998.57,95.13,2020,10
"Bélgica, Luxemburgo y Países Bajos",856.61,148.63,2020,10
Países nórdicos,1025.51,141.54,2020,10
ESPAÑA,756.13,77.12,2020,9
Francia,871.36,169.62,2020,9
Italia,858.09,123.88,2020,9
Reino Unido,1001.47,111.18,2020,9
Alemania,1111.27,101.35,2020,9
"Bélgica, Luxemburgo y Países Bajos",1018.02,191.93,2020,9
Países nórdicos,1018.64,188.11,2020,9
ESPAÑA,725.44,86.56,2020,8
Francia,1103.35,160.73,2020,8
Italia,1041.8,151.55,2020,8
Reino Unido,1300.91,113.97,2020,8
Alemania,1109.11,138.23,2020,8
"Bélgica, Luxemburgo y Países Bajos",1245.51,194.18,2020,8
Países nórdicos,1400.11,167.18,2020,8
ESPAÑA,612.29,85.97,2020,7
Francia,992.72,141.3,2020,7
Italia,973.25,139.77,2020,7
Reino Unido,1066.91,138.44,2020,7
Alemania,1029.01,130.6,2020,7
"Bélgica, Luxemburgo y Países Bajos",1262.45,162.75,2020,7
Países nórdicos,1288.77,145.09,2020,7
ESPAÑA,521.26,69.97,2020,6
Francia,802.81,188.63,2020,6
Italia,815.4,130.04,2020,6
Reino Unido,,,2020,6
Alemania,951.58,125.72,2020,6
"Bélgica, Luxemburgo y Países Bajos",1147.45,77.1,2020,6
Países nórdicos,,,2020,6
ESPAÑA,,,2020,5
Francia,,,2020,5
Italia,,,2020,5
Reino Unido,,,2020,5
Alemania,,,2020,5
"Bélgica, Luxemburgo y Países Bajos",,,2020,5
Países nórdicos,,,2020,5
ESPAÑA,,,2020,4
Francia,,,2020,4
Italia,,,2020,4
Reino Unido,,,2020,4
Alemania,,,2020,4
"Bélgica, Luxemburgo y Países Bajos",,,2020,4
Países nórdicos,,,2020,4
ESPAÑA,395.39,87.76,2020,3
Francia,712.34,104.5,2020,3
Italia,,,2020,3
Reino Unido,808.32,155.92,2020,3
Alemania,883.92,157.2,2020,3
"Bélgica, Luxemburgo y Países Bajos",810.03,187.88,2020,3
Países nórdicos,,,2020,3
ESPAÑA,423.68,95.65,2020,2
Francia,835.78,125.74,2020,2
Italia,,,2020,2
Reino Unido,883.42,126.57,2020,2
Alemania,900.94,142.26,2020,2
"Bélgica, Luxemburgo y Países Bajos",939.49,169.75,2020,2
Países nórdicos,,,2020,2
ESPAÑA,439.29,60.8,2020,1
Francia,,,2020,1
Italia,,,2020,1
Reino Unido,884.37,125.1,2020,1
Alemania,1007.97,113.89,2020,1
"Bélgica, Luxemburgo y Países Bajos",874.68,160.94,2020,1
Países nórdicos,,,2020,1
ESPAÑA,423.05,74.24,2019,12
Francia,1401.99,112.34,2019,12
Italia,1651.76,75.89,2019,12
Reino Unido,754.97,131.46,2019,12
Alemania,951.82,140.12,2019,12
"Bélgica, Luxemburgo y Países Bajos",1074.66,170.28,2019,12
Países nórdicos,,,2019,12
ESPAÑA,398.66,85.17,2019,11
Francia,811.49,117.2,2019,11
Italia,1251.37,82.87,2019,11
Reino Unido,1081.25,75.97,2019,11
Alemania,1002.84,136.87,2019,11
"Bélgica, Luxemburgo y Países Bajos",918.85,136.61,2019,11
Países nórdicos,1159.41,169.93,2019,11
ESPAÑA,559.02,86.26,2019,10
Francia,954.07,155.25,2019,10
Italia,851.76,128.06,2019,10
Reino Unido,983.93,137.99,2019,10
Alemania,1041.02,146.64,2019,10
"Bélgica, Luxemburgo y Países Bajos",1062.08,176.31,2019,10
Países nórdicos,1256.35,160.29,2019,10
ESPAÑA,705.04,90.24,2019,9
Francia,1021.63,151.72,2019,9
Italia,949.19,132.15,2019,9
Reino Unido,976.48,150.64,2019,9
Alemania,988.47,162.67,2019,9
"Bélgica, Luxemburgo y Países Bajos",1170.03,161.91,2019,9
Países nórdicos,1150.1,169.51,2019,9
ESPAÑA,801.21,95.98,2019,8
Francia,1182.59,149.77,2019,8
Italia,1124.47,164.92,2019,8
Reino Unido,1167.04,163.22,2019,8
Alemania,1151.86,151.12,2019,8
"Bélgica, Luxemburgo y Países Bajos",1313.62,176.2,2019,8
Países nórdicos,1317.16,183.4,2019,8
ESPAÑA,660.68,106.62,2019,7
Francia,1133.84,147.99,2019,7
Italia,1041.23,172.94,2019,7
Reino Unido,1227.15,164.25,2019,7
Alemania,1121.09,154.75,2019,7
"Bélgica, Luxemburgo y Países Bajos",1264.65,173.93,2019,7
Países nórdicos,1309.52,171.11,2019,7
ESPAÑA,592.25,103.31,2019,6
Francia,957.51,155.47,2019,6
Italia,832.61,143.74,2019,6
Reino Unido,1016.17,146.7,2019,6
Alemania,962.35,154.38,2019,6
"Bélgica, Luxemburgo y Países Bajos",1080.08,174.92,2019,6
Países nórdicos,1152.78,161.85,2019,6
ESPAÑA,572.02,103.93,2019,5
Francia,873.72,163.45,2019,5
Italia,657.49,171.26,2019,5
Reino Unido,927.43,158.01,2019,5
Alemania,892.6,162.46,2019,5
"Bélgica, Luxemburgo y Países Bajos",983.71,169.01,2019,5
Países nórdicos,1063.38,181.6,2019,5
ESPAÑA,450.64,82.83,2019,4
Francia,895.42,146.41,2019,4
Italia,661.93,122.6,2019,4
Reino Unido,805.77,156.89,2019,4
Alemania,924.74,133.64,2019,4
"Bélgica, Luxemburgo y Países Bajos",927.96,178.86,2019,4
Países nórdicos,1139.67,167.3,2019,4
ESPAÑA,430.88,83.1,2019,3
Francia,753.5,127.6,2019,3
Italia,,,2019,3
Reino Unido,872.44,154.69,2019,3
Alemania,933.33,155.11,2019,3
"Bélgica, Luxemburgo y Países Bajos",872.55,181.43,2019,3
Países nórdicos,,,2019,3
ESPAÑA,402.9,84.34,2019,2
Francia,588.95,139.04,2019,2
Italia,,,2019,2
Reino Unido,750.82,125.49,2019,2
Alemania,935.54,142.4,2019,2
"Bélgica, Luxemburgo y Países Bajos",776.29,148.09,2019,2
Países nórdicos,,,2019,2
ESPAÑA,418.22,64.48,2019,1
Francia,731.3,83.63,2019,1
Italia,,,2019,1
Reino Unido,761.94,122.12,2019,1
Alemania,832.78,114.05,2019,1
"Bélgica, Luxemburgo y Países Bajos",827.2,118.74,2019,1
Países nórdicos,,,2019,1
ESPAÑA,372.31,79.01,2018,12
Francia,830.02,121.42,2018,12
Italia,,,2018,12
Reino Unido,751.19,144.06,2018,12
Alemania,833.14,143.61,2018,12
"Bélgica, Luxemburgo y Países Bajos",920.02,145.37,2018,12
Países nórdicos,1430.2,149.67,2018,12
ESPAÑA,429.27,75.83,2018,11
Francia,856.25,93.7,2018,11
Italia,783.33,97.24,2018,11
Reino Unido,826.31,120.69,2018,11
Alemania,979.25,111.97,2018,11
"Bélgica, Luxemburgo y Países Bajos",879.03,172.9,2018,11
Países nórdicos,1023.3,173.54,2018,11
ESPAÑA,530.25,91.63,2018,10
Francia,857.69,138.85,2018,10
Italia,807.2,132.43,2018,10
Reino Unido,952.17,134.71,2018,10
Alemania,1029.9,130.69,2018,10
"Bélgica, Luxemburgo y Países Bajos",1038.11,175.66,2018,10
Países nórdicos,1127.32,151.8,2018,10
ESPAÑA,611.52,81.53,2018,9
Francia,974.5,147.55,2018,9
Italia,1059.82,123.26,2018,9
Reino Unido,937.19,139.13,2018,9
Alemania,998.45,142.15,2018,9
"Bélgica, Luxemburgo y Países Bajos",1074.71,150.76,2018,9
Países nórdicos,1135.38,169.46,2018,9
ESPAÑA,726.91,86.54,2018,8
Francia,1253.01,145.56,2018,8
Italia,1137.51,156.8,2018,8
Reino Unido,1149.14,152.76,2018,8
Alemania,1174.3,150.98,2018,8
"Bélgica, Luxemburgo y Países Bajos",1289.19,174.35,2018,8
Países nórdicos,1285.82,167.05,2018,8
ESPAÑA,653.51,96.04,2018,7
Francia,1144.67,142.28,2018,7
Italia,983.71,157.14,2018,7
Reino Unido,1101.31,171.26,2018,7
Alemania,1031.26,156.1,2018,7
"Bélgica, Luxemburgo y Países Bajos",1197.48,177.7,2018,7
Países nórdicos,1409.19,168.08,2018,7
ESPAÑA,565.96,111.0,2018,6
Francia,806.94,162.47,2018,6
Italia,814.07,139.75,2018,6
Reino Unido,970.39,139.71,2018,6
Alemania,992.91,154.39,2018,6
"Bélgica, Luxemburgo y Países Bajos",1039.43,180.1,2018,6
Países nórdicos,1088.09,154.01,2018,6
ESPAÑA,482.88,111.23,2018,5
Francia,843.38,143.39,2018,5
Italia,677.96,153.42,2018,5
Reino Unido,891.06,145.64,2018,5
Alemania,945.42,154.41,2018,5
"Bélgica, Luxemburgo y Países Bajos",1026.66,164.44,2018,5
Países nórdicos,1176.11,170.48,2018,5
ESPAÑA,476.96,86.63,2018,4
Francia,806.34,135.83,2018,4
Italia,605.74,134.47,2018,4
Reino Unido,786.07,146.1,2018,4
Alemania,916.71,141.14,2018,4
"Bélgica, Luxemburgo y Países Bajos",893.78,173.78,2018,4
Países nórdicos,1075.89,166.37,2018,4
ESPAÑA,438.56,88.58,2018,3
Francia,,,2018,3
Italia,,,2018,3
Reino Unido,764.32,151.69,2018,3
Alemania,989.83,131.79,2018,3
"Bélgica, Luxemburgo y Países Bajos",837.85,153.02,2018,3
Países nórdicos,1046.78,186.6,2018,3
ESPAÑA,479.77,95.15,2018,2
Francia,1066.35,110.31,2018,2
Italia,,,2018,2
Reino Unido,722.74,128.04,2018,2
Alemania,966.79,115.78,2018,2
"Bélgica, Luxemburgo y Países Bajos",853.03,131.07,2018,2
Países nórdicos,,,2018,2
ESPAÑA,416.47,71.39,2018,1
Francia,873.9,142.45,2018,1
Italia,1002.08,101.96,2018,1
Reino Unido,827.92,101.43,2018,1
Alemania,888.74,107.28,2018,1
"Bélgica, Luxemburgo y Países Bajos",873.34,121.56,2018,1
Países nórdicos,1214.32,138.68,2018,1
ESPAÑA,446.43,78.96,2017,12
Francia,809.61,112.74,2017,12
Italia,781.99,92.07,2017,12
Reino Unido,1099.23,125.13,2017,12
Alemania,942.63,100.59,2017,12
"Bélgica, Luxemburgo y Países Bajos",877.27,157.12,2017,12
Países nórdicos,1109.38,147.21,2017,12
ESPAÑA,450.8,85.02,2017,11
Francia,824.66,121.45,2017,11
Italia,571.99,96.23,2017,11
Reino Unido,760.41,110.12,2017,11
Alemania,944.04,112.23,2017,11
"Bélgica, Luxemburgo y Países Bajos",968.73,130.59,2017,11
Países nórdicos,1283.79,142.02,2017,11
ESPAÑA,556.74,85.75,2017,10
Francia,928.97,96.9,2017,10
Italia,965.18,81.15,2017,10
Reino Unido,919.62,126.03,2017,10
Alemania,1089.28,126.5,2017,10
"Bélgica, Luxemburgo y Países Bajos",1020.24,162.53,2017,10
Países nórdicos,1147.69,157.83,2017,10
ESPAÑA,650.06,90.56,2017,9
Francia,921.07,129.12,2017,9
Italia,900.53,118.09,2017,9
Reino Unido,896.84,137.98,2017,9
Alemania,1053.66,130.82,2017,9
"Bélgica, Luxemburgo y Países Bajos",1092.45,158.92,2017,9
Países nórdicos,1090.12,158.6,2017,9
ESPAÑA,700.5,88.14,2017,8
Francia,1155.67,131.16,2017,8
Italia,1038.04,137.59,2017,8
Reino Unido,1100.12,137.15,2017,8
Alemania,1172.52,129.96,2017,8
"Bélgica, Luxemburgo y Países Bajos",1221.82,157.43,2017,8
Países nórdicos,1310.17,173.89,2017,8
ESPAÑA,654.12,97.48,2017,7
Francia,1065.09,148.53,2017,7
Italia,935.39,137.78,2017,7
Reino Unido,1068.42,151.8,2017,7
Alemania,1067.5,141.43,2017,7
"Bélgica, Luxemburgo y Países Bajos",1214.52,170.33,2017,7
Países nórdicos,1359.94,158.73,2017,7
ESPAÑA,561.07,112.09,2017,6
Francia,806.65,144.23,2017,6
Italia,809.66,124.58,2017,6
Reino Unido,905.32,135.35,2017,6
Alemania,988.71,131.55,2017,6
"Bélgica, Luxemburgo y Países Bajos",995.73,158.96,2017,6
Países nórdicos,1134.91,153.01,2017,6
ESPAÑA,473.07,92.35,2017,5
Francia,838.4,140.02,2017,5
Italia,604.51,144.04,2017,5
Reino Unido,875.07,138.97,2017,5
Alemania,942.21,140.93,2017,5
"Bélgica, Luxemburgo y Países Bajos",971.11,157.09,2017,5
Países nórdicos,1095.58,166.7,2017,5
ESPAÑA,460.16,81.96,2017,4
Francia,840.5,133.98,2017,4
Italia,605.5,123.78,2017,4
Reino Unido,751.38,130.0,2017,4
Alemania,957.98,125.08,2017,4
"Bélgica, Luxemburgo y Países Bajos",875.8,152.09,2017,4
Países nórdicos,1043.92,183.15,2017,4
ESPAÑA,436.78,78.09,2017,3
Francia,,,2017,3
Italia,681.46,108.1,2017,3
Reino Unido,827.17,127.47,2017,3
Alemania,838.25,135.88,2017,3
"Bélgica, Luxemburgo y Países Bajos",792.38,143.86,2017,3
Países nórdicos,1024.14,165.92,2017,3
ESPAÑA,416.93,85.54,2017,2
Francia,777.03,124.98,2017,2
Italia,980.66,53.04,2017,2
Reino Unido,733.9,118.73,2017,2
Alemania,870.17,127.8,2017,2
"Bélgica, Luxemburgo y Países Bajos",776.31,128.85,2017,2
Países nórdicos,,,2017,2
ESPAÑA,373.11,65.84,2017,1
Francia,663.22,110.55,2017,1
Italia,,,2017,1
Reino Unido,663.19,92.81,2017,1
Alemania,852.92,99.48,2017,1
"Bélgica, Luxemburgo y Países Bajos",814.41,111.42,2017,1
Países nórdicos,,,2017,1
ESPAÑA,384.88,64.39,2016,12
Francia,740.98,77.48,2016,12
Italia,975.02,60.26,2016,12
Reino Unido,762.29,113.71,2016,12
Alemania,1053.2,102.37,2016,12
"Bélgica, Luxemburgo y Países Bajos",1105.0,97.7,2016,12
Países nórdicos,1260.21,129.0,2016,12
ESPAÑA,463.79,79.46,2016,11
Francia,755.22,134.84,2016,11
Italia,642.76,86.2,2016,11
Reino Unido,748.98,127.47,2016,11
Alemania,852.56,134.45,2016,11
"Bélgica, Luxemburgo y Países Bajos",854.43,129.05,2016,11
Países nórdicos,988.52,142.53,2016,11
ESPAÑA,538.64,75.58,2016,10
Francia,989.21,74.36,2016,10
Italia,644.08,87.49,2016,10
Reino Unido,863.69,117.23,2016,10
Alemania,998.06,120.97,2016,10
"Bélgica, Luxemburgo y Países Bajos",896.22,135.85,2016,10
Países nórdicos,1102.37,159.7,2016,10
ESPAÑA,619.73,85.19,2016,9
Francia,946.06,135.03,2016,9
Italia,823.9,129.75,2016,9
Reino Unido,873.52,129.35,2016,9
Alemania,967.37,122.97,2016,9
"Bélgica, Luxemburgo y Países Bajos",1094.74,151.8,2016,9
Países nórdicos,1099.22,144.54,2016,9
ESPAÑA,708.42,85.44,2016,8
Francia,1102.44,126.06,2016,8
Italia,1028.3,143.04,2016,8
Reino Unido,980.29,130.82,2016,8
Alemania,1050.76,130.93,2016,8
"Bélgica, Luxemburgo y Países Bajos",1168.86,137.39,2016,8
Países nórdicos,1256.15,164.06,2016,8
ESPAÑA,607.81,93.98,2016,7
Francia,938.53,146.57,2016,7
Italia,909.71,144.74,2016,7
Reino Unido,1040.29,141.16,2016,7
Alemania,1037.55,133.26,2016,7
"Bélgica, Luxemburgo y Países Bajos",1163.04,172.41,2016,7
Países nórdicos,1245.3,151.62,2016,7
ESPAÑA,560.91,102.66,2016,6
Francia,910.56,133.56,2016,6
Italia,754.59,123.5,2016,6
Reino Unido,841.67,128.23,2016,6
Alemania,960.05,129.46,2016,6
"Bélgica, Luxemburgo y Países Bajos",1031.37,147.32,2016,6
Países nórdicos,1089.16,145.93,2016,6
ESPAÑA,506.54,91.63,2016,5
Francia,882.51,129.87,2016,5
Italia,658.87,137.85,2016,5
Reino Unido,813.74,131.66,2016,5
Alemania,899.05,137.45,2016,5
"Bélgica, Luxemburgo y Países Bajos",1026.07,142.82,2016,5
Países nórdicos,988.73,184.39,2016,5
ESPAÑA,446.67,76.56,2016,4
Francia,760.35,121.54,2016,4
Italia,563.1,105.46,2016,4
Reino Unido,703.31,119.02,2016,4
Alemania,930.54,120.85,2016,4
"Bélgica, Luxemburgo y Países Bajos",854.19,130.33,2016,4
Países nórdicos,971.86,189.63,2016,4
ESPAÑA,429.14,79.45,2016,3
Francia,,,2016,3
Italia,,,2016,3
Reino Unido,738.1,117.24,2016,3
Alemania,954.12,124.1,2016,3
"Bélgica, Luxemburgo y Países Bajos",800.74,120.1,2016,3
Países nórdicos,,,2016,3
ESPAÑA,395.62,81.83,2016,2
Francia,,,2016,2
Italia,,,2016,2
Reino Unido,722.34,106.41,2016,2
Alemania,939.06,120.47,2016,2
"Bélgica, Luxemburgo y Países Bajos",813.04,125.35,2016,2
Países nórdicos,,,2016,2
ESPAÑA,422.25,55.0,2016,1
Francia,850.34,87.68,2016,1
Italia,,,2016,1
Reino Unido,682.29,114.4,2016,1
Alemania,913.29,106.34,2016,1
"Bélgica, Luxemburgo y Países Bajos",970.59,105.93,2016,1
Países nórdicos,,,2016,1
ESPAÑA,429.78,64.1,2015,12
Francia,,,2015,12
Italia,660.56,70.02,2015,12
Reino Unido,809.23,78.64,2015,12
Alemania,783.06,122.43,2015,12
"Bélgica, Luxemburgo y Países Bajos",802.86,110.21,2015,12
Países nórdicos,1516.52,89.77,2015,12
ESPAÑA,435.5,73.49,2015,11
Francia,946.6,112.51,2015,11
Italia,399.38,85.71,2015,11
Reino Unido,773.13,95.84,2015,11
Alemania,949.22,99.79,2015,11
"Bélgica, Luxemburgo y Países Bajos",1106.78,68.97,2015,11
Países nórdicos,,,2015,11
ESPAÑA,511.15,77.86,2015,10
Francia,871.64,116.33,2015,10
Italia,856.05,82.16,2015,10
Reino Unido,841.99,115.34,2015,10
Alemania,959.55,111.98,2015,10
"Bélgica, Luxemburgo y Países Bajos",1028.02,127.55,2015,10
Países nórdicos,998.79,120.6,2015,10
ESPAÑA,751.01,91.25,2015,9
Francia,825.99,90.01,2015,9
Italia,1084.72,135.44,2015,9
Reino Unido,886.25,111.02,2015,9
Alemania,884.37,109.63,2015,9
"Bélgica, Luxemburgo y Países Bajos",921.84,112.36,2015,9
Países nórdicos,1076.05,137.03,2015,9
ESPAÑA,800.5,93.09,2015,8
Francia,949.96,100.29,2015,8
Italia,948.74,125.52,2015,8
Reino Unido,1036.78,127.1,2015,8
Alemania,978.83,107.49,2015,8
"Bélgica, Luxemburgo y Países Bajos",1078.76,122.11,2015,8
Países nórdicos,1168.47,131.63,2015,8
ESPAÑA,688.19,89.59,2015,7
Francia,928.04,100.66,2015,7
Italia,826.57,115.58,2015,7
Reino Unido,923.44,116.64,2015,7
Alemania,938.62,104.29,2015,7
"Bélgica, Luxemburgo y Países Bajos",1139.88,143.41,2015,7
Países nórdicos,1393.52,163.92,2015,7
ESPAÑA,641.09,88.82,2015,6
Francia,845.7,115.77,2015,6
Italia,753.37,105.04,2015,6
Reino Unido,875.52,118.58,2015,6
Alemania,887.28,112.69,2015,6
"Bélgica, Luxemburgo y Países Bajos",884.69,103.67,2015,6
Países nórdicos,888.65,112.67,2015,6
ESPAÑA,699.22,96.1,2015,5
Francia,652.41,99.12,2015,5
Italia,869.51,120.64,2015,5
Reino Unido,686.65,101.26,2015,5
Alemania,750.3,109.23,2015,5
"Bélgica, Luxemburgo y Países Bajos",781.04,99.57,2015,5
Países nórdicos,1110.49,156.1,2015,5
ESPAÑA,631.85,81.04,2015,4
Francia,917.83,114.15,2015,4
Italia,560.7,68.05,2015,4
Reino Unido,712.6,101.7,2015,4
Alemania,737.19,103.7,2015,4
"Bélgica, Luxemburgo y Países Bajos",660.12,107.11,2015,4
Países nórdicos,1061.98,128.36,2015,4
ESPAÑA,629.14,93.99,2015,3
Francia,,,2015,3
Italia,1221.5,90.03,2015,3
Reino Unido,946.17,107.39,2015,3
Alemania,888.05,108.41,2015,3
"Bélgica, Luxemburgo y Países Bajos",,,2015,3
Países nórdicos,,,2015,3
ESPAÑA,662.68,85.34,2015,2
Francia,,,2015,2
Italia,,,2015,2
Reino Unido,670.67,75.63,2015,2
Alemania,924.38,108.37,2015,2
"Bélgica, Luxemburgo y Países Bajos",,,2015,2
Países nórdicos,,,2015,2
ESPAÑA,641.32,72.33,2015,1
Francia,,,2015,1
Italia,,,2015,1
Reino Unido,,,2015,1
Alemania,874.8,92.1,2015,1
"Bélgica, Luxemburgo y Países Bajos",,,2015,1
Países nórdicos,,,2015,1
ESPAÑA,792.49,91.94,2014,12
Francia,,,2014,12
Italia,,,2014,12
Reino Unido,713.52,88.42,2014,12
Alemania,899.38,111.62,2014,12
"Bélgica, Luxemburgo y Países Bajos",,,2014,12
Países nórdicos,,,2014,12
ESPAÑA,688.74,87.01,2014,11
Francia,839.87,93.16,2014,11
Italia,1449.94,79.11,2014,11
Reino Unido,634.35,95.53,2014,11
Alemania,871.23,101.94,2014,11
"Bélgica, Luxemburgo y Países Bajos",,,2014,11
Países nórdicos,,,2014,11
ESPAÑA,897.16,95.76,2014,10
Francia,757.61,88.63,2014,10
Italia,810.68,67.84,2014,10
Reino Unido,766.51,93.67,2014,10
Alemania,867.79,109.98,2014,10
"Bélgica, Luxemburgo y Países Bajos",799.88,86.34,2014,10
Países nórdicos,898.35,121.54,2014,10
ESPAÑA,769.31,86.23,2014,9
Francia,862.26,92.36,2014,9
Italia,821.81,104.61,2014,9
Reino Unido,859.62,108.47,2014,9
Alemania,899.66,108.22,2014,9
"Bélgica, Luxemburgo y Países Bajos",936.22,98.77,2014,9
Países nórdicos,1043.11,128.93,2014,9
ESPAÑA,820.42,96.79,2014,8
Francia,1010.01,99.46,2014,8
Italia,1021.65,127.93,2014,8
Reino Unido,1012.74,116.06,2014,8
Alemania,971.08,103.88,2014,8
"Bélgica, Luxemburgo y Países Bajos",1013.13,108.23,2014,8
Países nórdicos,1225.18,134.89,2014,8
ESPAÑA,813.24,114.71,2014,7
Francia,828.41,87.78,2014,7
Italia,802.14,111.94,2014,7
Reino Unido,828.24,104.39,2014,7
Alemania,854.01,102.56,2014,7
"Bélgica, Luxemburgo y Países Bajos",902.45,106.7,2014,7
Países nórdicos,1289.84,147.24,2014,7
ESPAÑA,680.2,100.25,2014,6
Francia,773.13,102.5,2014,6
Italia,757.32,107.96,2014,6
Reino Unido,806.53,106.99,2014,6
Alemania,858.77,108.16,2014,6
"Bélgica, Luxemburgo y Países Bajos",856.44,111.75,2014,6
Países nórdicos,1105.07,137.62,2014,6
ESPAÑA,609.46,92.62,2014,5
Francia,603.99,91.17,2014,5
Italia,515.83,97.63,2014,5
Reino Unido,668.98,93.58,2014,5
Alemania,721.32,100.06,2014,5
"Bélgica, Luxemburgo y Países Bajos",685.26,99.79,2014,5
Países nórdicos,845.14,102.8,2014,5
ESPAÑA,592.26,77.57,2014,4
Francia,753.6,101.03,2014,4
Italia,504.52,94.85,2014,4
Reino Unido,675.78,99.67,2014,4
Alemania,753.37,98.26,2014,4
"Bélgica, Luxemburgo y Países Bajos",802.71,106.33,2014,4
Países nórdicos,878.63,122.08,2014,4
ESPAÑA,623.33,91.3,2014,3
Francia,,,2014,3
Italia,,,2014,3
Reino Unido,653.28,93.53,2014,3
Alemania,958.15,115.42,2014,3
"Bélgica, Luxemburgo y Países Bajos",,,2014,3
Países nórdicos,,,2014,3
ESPAÑA,555.48,84.67,2014,2
Francia,,,2014,2
Italia,,,2014,2
Reino Unido,608.49,74.62,2014,2
Alemania,944.47,88.41,2014,2
"Bélgica, Luxemburgo y Países Bajos",,,2014,2
Países nórdicos,,,2014,2
ESPAÑA,590.42,76.47,2014,1
Francia,,,2014,1
Italia,,,2014,1
Reino Unido,830.28,71.41,2014,1
Alemania,911.9,85.19,2014,1
"Bélgica, Luxemburgo y Países Bajos",,,2014,1
Países nórdicos,,,2014,1
ESPAÑA,691.75,90.57,2013,12
Francia,,,2013,12
Italia,,,2013,12
Reino Unido,721.71,81.15,2013,12
Alemania,857.13,77.25,2013,12
"Bélgica, Luxemburgo y Países Bajos",,,2013,12
Países nórdicos,,,2013,12
ESPAÑA,778.95,87.37,2013,11
Francia,,,2013,11
Italia,,,2013,11
Reino Unido,730.29,99.22,2013,11
Alemania,726.27,94.89,2013,11
"Bélgica, Luxemburgo y Países Bajos",,,2013,11
Países nórdicos,,,2013,11
ESPAÑA,762.32,80.53,2013,10
Francia,1014.16,120.55,2013,10
Italia,1305.27,97.28,2013,10
Reino Unido,884.87,110.35,2013,10
Alemania,1000.21,123.13,2013,10
"Bélgica, Luxemburgo y Países Bajos",1000.92,112.24,2013,10
Países nórdicos,904.54,126.53,2013,10
ESPAÑA,722.96,90.33,2013,9
Francia,872.58,102.12,2013,9
Italia,1011.04,122.45,2013,9
Reino Unido,922.87,112.43,2013,9
Alemania,957.03,109.96,2013,9
"Bélgica, Luxemburgo y Países Bajos",1196.7,111.25,2013,9
Países nórdicos,924.48,125.54,2013,9
ESPAÑA,811.76,96.46,2013,8
Francia,1221.41,127.82,2013,8
Italia,1159.42,134.31,2013,8
Reino Unido,1020.62,115.01,2013,8
Alemania,1019.66,108.79,2013,8
"Bélgica, Luxemburgo y Países Bajos",1051.48,125.84,2013,8
Países nórdicos,1467.36,175.46,2013,8
ESPAÑA,687.81,91.4,2013,7
Francia,985.68,103.14,2013,7
Italia,965.91,124.33,2013,7
Reino Unido,924.17,113.5,2013,7
Alemania,939.99,102.76,2013,7
"Bélgica, Luxemburgo y Países Bajos",1031.97,113.78,2013,7
Países nórdicos,1396.16,162.13,2013,7
ESPAÑA,653.78,94.3,2013,6
Francia,754.5,97.63,2013,6
Italia,779.78,126.23,2013,6
Reino Unido,840.67,106.95,2013,6
Alemania,904.39,110.69,2013,6
"Bélgica, Luxemburgo y Países Bajos",906.5,116.19,2013,6
Países nórdicos,1158.65,142.54,2013,6
ESPAÑA,538.93,85.33,2013,5
Francia,820.18,91.85,2013,5
Italia,564.03,100.43,2013,5
Reino Unido,677.06,99.97,2013,5
Alemania,809.24,108.01,2013,5
"Bélgica, Luxemburgo y Países Bajos",912.27,116.65,2013,5
Países nórdicos,835.64,118.92,2013,5
ESPAÑA,569.27,79.55,2013,4
Francia,646.35,92.06,2013,4
Italia,412.67,86.46,2013,4
Reino Unido,623.57,94.91,2013,4
Alemania,762.83,103.08,2013,4
"Bélgica, Luxemburgo y Países Bajos",777.97,115.9,2013,4
Países nórdicos,788.43,112.44,2013,4
ESPAÑA,682.93,94.66,2013,3
Francia,670.29,71.03,2013,3
Italia,699.79,89.75,2013,3
Reino Unido,744.3,109.39,2013,3
Alemania,779.74,95.44,2013,3
"Bélgica, Luxemburgo y Países Bajos",941.36,123.29,2013,3
Países nórdicos,998.96,107.97,2013,3
ESPAÑA,738.95,102.45,2013,2
Francia,,,2013,2
Italia,,,2013,2
Reino Unido,687.72,85.47,2013,2
Alemania,776.9,90.17,2013,2
"Bélgica, Luxemburgo y Países Bajos",,,2013,2
Países nórdicos,,,2013,2
ESPAÑA,539.53,68.72,2013,1
Francia,,,2013,1
Italia,,,2013,1
Reino Unido,677.89,82.62,2013,1
Alemania,,,2013,1
"Bélgica, Luxemburgo y Países Bajos",,,2013,1
Países nórdicos,,,2013,1
ESPAÑA,670.56,88.18,2012,12
Francia,,,2012,12
Italia,,,2012,12
Reino Unido,983.44,86.83,2012,12
Alemania,752.3,79.6,2012,12
"Bélgica, Luxemburgo y Países Bajos",,,2012,12
Países nórdicos,,,2012,12
ESPAÑA,651.9,86.66,2012,11
Francia,,,2012,11
Italia,,,2012,11
Reino Unido,631.48,78.11,2012,11
Alemania,846.24,103.23,2012,11
"Bélgica, Luxemburgo y Países Bajos",,,2012,11
Países nórdicos,,,2012,11
ESPAÑA,629.01,81.09,2012,10
Francia,794.71,89.54,2012,10
Italia,1030.5,68.51,2012,10
Reino Unido,801.54,96.48,2012,10
Alemania,936.45,115.87,2012,10
"Bélgica, Luxemburgo y Países Bajos",927.6,102.52,2012,10
Países nórdicos,962.3,116.07,2012,10
ESPAÑA,692.44,86.0,2012,9
Francia,789.49,90.46,2012,9
Italia,995.05,117.07,2012,9
Reino Unido,944.95,111.77,2012,9
Alemania,985.56,110.73,2012,9
"Bélgica, Luxemburgo y Países Bajos",1259.53,140.88,2012,9
Países nórdicos,1071.8,133.96,2012,9
ESPAÑA,822.4,95.92,2012,8
Francia,1172.65,125.38,2012,8
Italia,1080.45,129.2,2012,8
Reino Unido,1019.3,108.63,2012,8
Alemania,945.66,101.03,2012,8
"Bélgica, Luxemburgo y Países Bajos",1096.03,109.53,2012,8
Países nórdicos,1152.99,129.31,2012,8
ESPAÑA,731.94,96.75,2012,7
Francia,887.8,94.2,2012,7
Italia,969.16,131.11,2012,7
Reino Unido,923.36,110.35,2012,7
Alemania,993.63,105.64,2012,7
"Bélgica, Luxemburgo y Países Bajos",1049.1,112.89,2012,7
Países nórdicos,1312.0,143.47,2012,7
ESPAÑA,630.28,93.42,2012,6
Francia,725.32,87.66,2012,6
Italia,768.77,115.34,2012,6
Reino Unido,836.23,102.0,2012,6
Alemania,907.96,106.88,2012,6
"Bélgica, Luxemburgo y Países Bajos",829.52,96.83,2012,6
Países nórdicos,1370.19,164.54,2012,6
ESPAÑA,557.13,88.7,2012,5
Francia,653.02,107.28,2012,5
Italia,656.12,108.6,2012,5
Reino Unido,611.14,89.1,2012,5
Alemania,756.58,103.84,2012,5
"Bélgica, Luxemburgo y Países Bajos",708.32,94.3,2012,5
Países nórdicos,943.8,119.58,2012,5
ESPAÑA,632.26,86.87,2012,4
Francia,623.64,83.72,2012,4
Italia,,,2012,4
Reino Unido,666.15,89.66,2012,4
Alemania,815.26,108.6,2012,4
"Bélgica, Luxemburgo y Países Bajos",805.29,101.47,2012,4
Países nórdicos,937.56,131.56,2012,4
ESPAÑA,584.98,86.53,2012,3
Francia,,,2012,3
Italia,,,2012,3
Reino Unido,667.67,87.98,2012,3
Alemania,839.97,93.77,2012,3
"Bélgica, Luxemburgo y Países Bajos",,,2012,3
Países nórdicos,,,2012,3
ESPAÑA,553.16,86.6,2012,2
Francia,,,2012,2
Italia,,,2012,2
Reino Unido,669.28,91.07,2012,2
Alemania,889.63,95.07,2012,2
"Bélgica, Luxemburgo y Países Bajos",,,2012,2
Países nórdicos,,,2012,2
ESPAÑA,614.04,83.29,2012,1
Francia,,,2012,1
Italia,,,2012,1
Reino Unido,780.23,66.71,2012,1
Alemania,1200.67,102.2,2012,1
"Bélgica, Luxemburgo y Países Bajos",,,2012,1
Países nórdicos,,,2012,1
ESPAÑA,650.56,99.85,2011,12
Francia,,,2011,12
Italia,,,2011,12
Reino Unido,842.31,66.4,2011,12
Alemania,1071.51,92.7,2011,12
"Bélgica, Luxemburgo y Países Bajos",,,2011,12
Países nórdicos,,,2011,12
ESPAÑA,611.79,78.08,2011,11
Francia,,,2011,11
Italia,,,2011,11
Reino Unido,654.4,98.63,2011,11
Alemania,1093.99,98.42,2011,11
"Bélgica, Luxemburgo y Países Bajos",,,2011,11
Países nórdicos,,,2011,11
ESPAÑA,575.3,68.24,2011,10
Francia,,,2011,10
Italia,1011.14,88.6,2011,10
Reino Unido,602.93,79.75,2011,10
Alemania,848.17,98.31,2011,10
"Bélgica, Luxemburgo y Países Bajos",1131.14,98.41,2011,10
Países nórdicos,1095.48,132.69,2011,10
ESPAÑA,687.98,81.68,2011,9
Francia,901.64,107.02,2011,9
Italia,1025.24,112.0,2011,9
Reino Unido,813.33,95.11,2011,9
Alemania,925.07,105.49,2011,9
"Bélgica, Luxemburgo y Países Bajos",895.25,101.26,2011,9
Países nórdicos,1099.2,148.58,2011,9
ESPAÑA,814.26,93.8,2011,8
Francia,1281.34,117.32,2011,8
Italia,1180.61,135.3,2011,8
Reino Unido,969.52,103.4,2011,8
Alemania,901.0,96.94,2011,8
"Bélgica, Luxemburgo y Países Bajos",1101.33,118.94,2011,8
Países nórdicos,1107.65,124.22,2011,8
ESPAÑA,721.23,97.89,2011,7
Francia,1081.53,114.33,2011,7
Italia,1053.09,131.29,2011,7
Reino Unido,942.81,108.27,2011,7
Alemania,1021.97,113.85,2011,7
"Bélgica, Luxemburgo y Países Bajos",1169.41,116.31,2011,7
Países nórdicos,1234.25,136.84,2011,7
ESPAÑA,628.41,91.94,2011,6
Francia,803.28,109.43,2011,6
Italia,915.48,125.48,2011,6
Reino Unido,829.58,101.48,2011,6
Alemania,902.24,116.87,2011,6
"Bélgica, Luxemburgo y Países Bajos",903.94,104.67,2011,6
Países nórdicos,1107.97,138.16,2011,6
ESPAÑA,667.91,90.52,2011,5
Francia,674.57,93.98,2011,5
Italia,912.69,103.31,2011,5
Reino Unido,618.05,81.46,2011,5
Alemania,738.41,105.0,2011,5
"Bélgica, Luxemburgo y Países Bajos",744.89,99.62,2011,5
Países nórdicos,1001.85,145.77,2011,5
ESPAÑA,595.25,78.66,2011,4
Francia,,,2011,4
Italia,627.92,79.81,2011,4
Reino Unido,771.21,102.65,2011,4
Alemania,834.1,100.53,2011,4
"Bélgica, Luxemburgo y Países Bajos",840.61,110.01,2011,4
Países nórdicos,1055.59,142.56,2011,4
ESPAÑA,554.67,82.76,2011,3
Francia,,,2011,3
Italia,,,2011,3
Reino Unido,667.85,94.71,2011,3
Alemania,815.91,95.27,2011,3
"Bélgica, Luxemburgo y Países Bajos",,,2011,3
Países nórdicos,,,2011,3
ESPAÑA,528.89,88.36,2011,2
Francia,,,2011,2
Italia,,,2011,2
Reino Unido,692.81,71.33,2011,2
Alemania,838.86,104.55,2011,2
"Bélgica, Luxemburgo y Países Bajos",,,2011,2
Países nórdicos,,,2011,2
ESPAÑA,612.26,88.26,2011,1
Francia,,,2011,1
Italia,,,2011,1
Reino Unido,692.29,73.03,2011,1
Alemania,766.76,89.14,2011,1
"Bélgica, Luxemburgo y Países Bajos",,,2011,1
Países nórdicos,,,2011,1
ESPAÑA,696.1,104.19,2010,12
Francia,,,2010,12
Italia,,,2010,12
Reino Unido,826.06,75.16,2010,12
Alemania,898.67,95.05,2010,12
"Bélgica, Luxemburgo y Países Bajos",,,2010,12
Países nórdicos,,,2010,12
ESPAÑA,563.87,78.58,2010,11
Francia,,,2010,11
Italia,,,2010,11
Reino Unido,785.51,84.25,2010,11
Alemania,920.6,93.76,2010,11
"Bélgica, Luxemburgo y Países Bajos",,,2010,11
Países nórdicos,,,2010,11
ESPAÑA,686.93,79.85,2010,10
Francia,,,2010,10
Italia,,,2010,10
Reino Unido,746.77,99.35,2010,10
Alemania,838.17,96.23,2010,10
"Bélgica, Luxemburgo y Países Bajos",997.48,102.02,2010,10
Países nórdicos,991.21,126.85,2010,10
ESPAÑA,711.07,86.68,2010,9
Francia,,,2010,9
Italia,870.78,101.6,2010,9
Reino Unido,940.96,111.25,2010,9
Alemania,943.1,111.15,2010,9
"Bélgica, Luxemburgo y Países Bajos",1132.23,122.81,2010,9
Países nórdicos,,,2010,9
ESPAÑA,884.16,98.86,2010,8
Francia,1061.21,107.37,2010,8
Italia,1253.79,133.47,2010,8
Reino Unido,1006.89,110.12,2010,8
Alemania,884.06,101.05,2010,8
"Bélgica, Luxemburgo y Países Bajos",1024.58,116.15,2010,8
Países nórdicos,1163.72,136.69,2010,8
ESPAÑA,717.28,89.62,2010,7
Francia,1103.37,105.86,2010,7
Italia,1011.22,117.71,2010,7
Reino Unido,997.36,116.81,2010,7
Alemania,973.04,115.2,2010,7
"Bélgica, Luxemburgo y Países Bajos",1049.74,111.47,2010,7
Países nórdicos,1298.32,137.0,2010,7
ESPAÑA,687.63,101.26,2010,6
Francia,,,2010,6
Italia,834.92,109.07,2010,6
Reino Unido,910.02,115.23,2010,6
Alemania,928.41,117.19,2010,6
"Bélgica, Luxemburgo y Países Bajos",1034.38,126.18,2010,6
Países nórdicos,1152.48,129.14,2010,6
ESPAÑA,551.95,77.2,2010,5
Francia,,,2010,5
Italia,835.07,79.15,2010,5
Reino Unido,619.81,85.03,2010,5
Alemania,809.43,104.01,2010,5
"Bélgica, Luxemburgo y Países Bajos",712.91,89.99,2010,5
Países nórdicos,998.44,115.16,2010,5
ESPAÑA,599.83,70.58,2010,4
Francia,,,2010,4
Italia,,,2010,4
Reino Unido,616.98,77.34,2010,4
Alemania,878.93,104.18,2010,4
"Bélgica, Luxemburgo y Países Bajos",695.23,89.72,2010,4
Países nórdicos,1113.74,113.38,2010,4
ESPAÑA,624.67,109.82,2010,3
Francia,,,2010,3
Italia,,,2010,3
Reino Unido,698.68,87.79,2010,3
Alemania,885.62,104.99,2010,3
"Bélgica, Luxemburgo y Países Bajos",,,2010,3
Países nórdicos,,,2010,3
ESPAÑA,558.34,97.8,2010,2
Francia,,,2010,2
Italia,,,2010,2
Reino Unido,,,2010,2
Alemania,753.52,87.2,2010,2
"Bélgica, Luxemburgo y Países Bajos",,,2010,2
Países nórdicos,,,2010,2
ESPAÑA,657.69,111.84,2010,1
Francia,,,2010,1
Italia,,,2010,1
Reino Unido,627.6,54.06,2010,1
Alemania,894.46,76.26,2010,1
"Bélgica, Luxemburgo y Países Bajos",,,2010,1
Países nórdicos,,,2010,1
ESPAÑA,643.21,69.77,2009,12
Francia,,,2009,12
Italia,,,2009,12
Reino Unido,708.52,84.71,2009,12
Alemania,816.67,88.2,2009,12
"Bélgica, Luxemburgo y Países Bajos",,,2009,12
Países nórdicos,,,2009,12
ESPAÑA,605.37,87.81,2009,11
Francia,,,2009,11
Italia,,,2009,11
Reino Unido,624.6,81.52,2009,11
Alemania,841.39,104.96,2009,11
"Bélgica, Luxemburgo y Países Bajos",,,2009,11
Países nórdicos,,,2009,11
ESPAÑA,687.93,68.67,2009,10
Francia,698.65,48.74,2009,10
Italia,,,2009,10
Reino Unido,695.83,77.09,2009,10
Alemania,821.34,82.62,2009,10
"Bélgica, Luxemburgo y Países Bajos",650.28,64.32,2009,10
Países nórdicos,836.66,81.74,2009,10
ESPAÑA,699.58,81.43,2009,9
Francia,,,2009,9
Italia,1017.85,104.33,2009,9
Reino Unido,915.49,111.86,2009,9
Alemania,965.85,108.74,2009,9
"Bélgica, Luxemburgo y Países Bajos",,,2009,9
Países nórdicos,987.99,132.3,2009,9
ESPAÑA,792.27,89.25,2009,8
Francia,1295.76,98.04,2009,8
Italia,1378.9,107.94,2009,8
Reino Unido,1083.3,95.57,2009,8
Alemania,954.96,92.94,2009,8
"Bélgica, Luxemburgo y Países Bajos",1011.89,97.18,2009,8
Países nórdicos,1251.58,132.25,2009,8
ESPAÑA,768.87,98.34,2009,7
Francia,,,2009,7
Italia,988.98,120.01,2009,7
Reino Unido,1058.75,110.88,2009,7
Alemania,887.24,98.89,2009,7
"Bélgica, Luxemburgo y Países Bajos",,,2009,7
Países nórdicos,1377.93,133.33,2009,7
ESPAÑA,724.94,109.98,2009,6
Francia,893.73,99.91,2009,6
Italia,1080.64,112.77,2009,6
Reino Unido,930.79,104.81,2009,6
Alemania,960.92,109.56,2009,6
"Bélgica, Luxemburgo y Países Bajos",,,2009,6
Países nórdicos,1202.77,139.17,2009,6
ESPAÑA,605.7,94.88,2009,5
Francia,676.78,97.77,2009,5
Italia,899.07,129.48,2009,5
Reino Unido,636.93,81.55,2009,5
Alemania,817.23,99.86,2009,5
"Bélgica, Luxemburgo y Países Bajos",863.81,117.95,2009,5
Países nórdicos,1258.2,150.24,2009,5
ESPAÑA,603.96,71.04,2009,4
Francia,,,2009,4
Italia,,,2009,4
Reino Unido,815.65,100.97,2009,4
Alemania,935.71,107.92,2009,4
"Bélgica, Luxemburgo y Países Bajos",,,2009,4
Países nórdicos,,,2009,4
ESPAÑA,527.05,66.73,2009,3
Francia,,,2009,3
Italia,,,2009,3
Reino Unido,803.72,64.55,2009,3
Alemania,909.5,92.84,2009,3
"Bélgica, Luxemburgo y Países Bajos",,,2009,3
Países nórdicos,,,2009,3
ESPAÑA,503.19,62.68,2009,2
Francia,,,2009,2
Italia,,,2009,2
Reino Unido,902.89,124.01,2009,2
Alemania,820.45,97.91,2009,2
"Bélgica, Luxemburgo y Países Bajos",,,2009,2
Países nórdicos,,,2009,2
ESPAÑA,469.01,53.06,2009,1
Francia,,,2009,1
Italia,,,2009,1
Reino Unido,644.26,59.03,2009,1
Alemania,817.74,86.85,2009,1
"Bélgica, Luxemburgo y Países Bajos",,,2009,1
Países nórdicos,,,2009,1
