tipo_alojamiento,year,num_establecim,num_plazas,Isla
   (AG) AGROTURISMO,2020,286.0,5590.0,Mallorca
   (AP) APARTAMENTOS TURÍSTICOS,2020,295.0,33039.0,Mallorca
   (CH) CASA DE HUÉSPEDES,2020,15.0,479.0,Mallorca
   (CT) CAMPING TURÍSTICO,2020,1.0,500.0,Mallorca
   (CV) CIUDAD DE VACACIONES,2020,0.0,0.0,Mallorca
   (F) FONDA,2020,8.0,236.0,Mallorca
   (H) HOTEL,2020,651.0,174485.0,Mallorca
   (HA) HOTEL APARTAMENTO,2020,211.0,80259.0,Mallorca
   (HO) HOSPEDERÍA,2020,3.0,134.0,Mallorca
   (HR) HOTEL RURAL,2020,37.0,1827.0,Mallorca
   (HRE) HOTEL RESIDENCIA,2020,1.0,132.0,Mallorca
   (HS) HOSTAL,2020,59.0,3018.0,Mallorca
   (HSR) HOSTAL RESIDENCIA,2020,69.0,2680.0,Mallorca
   (PE) PENSIÓN,2020,1.0,23.0,Mallorca
   (RA) RESIDENCIA APARTAMENTO,2020,0.0,0.0,Mallorca
   (TI) TURISMO DE INTERIOR,2020,154.0,2308.0,Mallorca
   (AG) AGROTURISMO,2019,284.0,5484.0,Mallorca
   (AP) APARTAMENTOS TURÍSTICOS,2019,297.0,33130.0,Mallorca
   (CH) CASA DE HUÉSPEDES,2019,15.0,479.0,Mallorca
   (CT) CAMPING TURÍSTICO,2019,1.0,500.0,Mallorca
   (CV) CIUDAD DE VACACIONES,2019,0.0,0.0,Mallorca
   (F) FONDA,2019,8.0,236.0,Mallorca
   (H) HOTEL,2019,652.0,173674.0,Mallorca
   (HA) HOTEL APARTAMENTO,2019,207.0,79614.0,Mallorca
   (HO) HOSPEDERÍA,2019,3.0,134.0,Mallorca
   (HR) HOTEL RURAL,2019,37.0,1785.0,Mallorca
   (HRE) HOTEL RESIDENCIA,2019,2.0,284.0,Mallorca
   (HS) HOSTAL,2019,61.0,3143.0,Mallorca
   (HSR) HOSTAL RESIDENCIA,2019,71.0,2747.0,Mallorca
   (PE) PENSIÓN,2019,1.0,23.0,Mallorca
   (RA) RESIDENCIA APARTAMENTO,2019,0.0,0.0,Mallorca
   (TI) TURISMO DE INTERIOR,2019,156.0,2333.0,Mallorca
   (AG) AGROTURISMO,2018,286.0,5503.0,Mallorca
   (AP) APARTAMENTOS TURÍSTICOS,2018,299.0,33855.0,Mallorca
   (CH) CASA DE HUÉSPEDES,2018,16.0,527.0,Mallorca
   (CT) CAMPING TURÍSTICO,2018,1.0,500.0,Mallorca
   (CV) CIUDAD DE VACACIONES,2018,0.0,0.0,Mallorca
   (F) FONDA,2018,8.0,236.0,Mallorca
   (H) HOTEL,2018,632.0,168705.0,Mallorca
   (HA) HOTEL APARTAMENTO,2018,208.0,81125.0,Mallorca
   (HO) HOSPEDERÍA,2018,3.0,134.0,Mallorca
   (HR) HOTEL RURAL,2018,38.0,1697.0,Mallorca
   (HRE) HOTEL RESIDENCIA,2018,2.0,284.0,Mallorca
   (HS) HOSTAL,2018,64.0,3367.0,Mallorca
   (HSR) HOSTAL RESIDENCIA,2018,73.0,2839.0,Mallorca
   (PE) PENSIÓN,2018,1.0,23.0,Mallorca
   (RA) RESIDENCIA APARTAMENTO,2018,0.0,0.0,Mallorca
   (TI) TURISMO DE INTERIOR,2018,161.0,2339.0,Mallorca
   (AG) AGROTURISMO,2017,287.0,5410.0,Mallorca
   (AP) APARTAMENTOS TURÍSTICOS,2017,301.0,34567.0,Mallorca
   (CH) CASA DE HUÉSPEDES,2017,16.0,527.0,Mallorca
   (CT) CAMPING TURÍSTICO,2017,1.0,500.0,Mallorca
   (CV) CIUDAD DE VACACIONES,2017,0.0,0.0,Mallorca
   (F) FONDA,2017,8.0,236.0,Mallorca
   (H) HOTEL,2017,615.0,165006.0,Mallorca
   (HA) HOTEL APARTAMENTO,2017,206.0,81219.0,Mallorca
   (HO) HOSPEDERÍA,2017,3.0,134.0,Mallorca
   (HR) HOTEL RURAL,2017,37.0,1661.0,Mallorca
   (HRE) HOTEL RESIDENCIA,2017,2.0,284.0,Mallorca
   (HS) HOSTAL,2017,66.0,3452.0,Mallorca
   (HSR) HOSTAL RESIDENCIA,2017,78.0,3084.0,Mallorca
   (PE) PENSIÓN,2017,1.0,23.0,Mallorca
   (RA) RESIDENCIA APARTAMENTO,2017,0.0,0.0,Mallorca
   (TI) TURISMO DE INTERIOR,2017,159.0,2389.0,Mallorca
   (AG) AGROTURISMO,2016,245.0,4108.0,Mallorca
   (AP) APARTAMENTOS TURÍSTICOS,2016,315.0,38643.0,Mallorca
   (CH) CASA DE HUÉSPEDES,2016,16.0,527.0,Mallorca
   (CT) CAMPING TURÍSTICO,2016,1.0,500.0,Mallorca
   (CV) CIUDAD DE VACACIONES,2016,2.0,1778.0,Mallorca
   (F) FONDA,2016,8.0,236.0,Mallorca
   (H) HOTEL,2016,579.0,156139.0,Mallorca
   (HA) HOTEL APARTAMENTO,2016,202.0,79873.0,Mallorca
   (HO) HOSPEDERÍA,2016,3.0,134.0,Mallorca
   (HR) HOTEL RURAL,2016,37.0,1553.0,Mallorca
   (HRE) HOTEL RESIDENCIA,2016,6.0,497.0,Mallorca
   (HS) HOSTAL,2016,68.0,3595.0,Mallorca
   (HSR) HOSTAL RESIDENCIA,2016,86.0,3590.0,Mallorca
   (PE) PENSIÓN,2016,1.0,23.0,Mallorca
   (RA) RESIDENCIA APARTAMENTO,2016,0.0,0.0,Mallorca
   (TI) TURISMO DE INTERIOR,2016,103.0,1373.0,Mallorca
   (AG) AGROTURISMO,2015,223.0,3583.0,Mallorca
   (AP) APARTAMENTOS TURÍSTICOS,2015,329.0,40207.0,Mallorca
   (CH) CASA DE HUÉSPEDES,2015,17.0,540.0,Mallorca
   (CT) CAMPING TURÍSTICO,2015,1.0,500.0,Mallorca
   (CV) CIUDAD DE VACACIONES,2015,2.0,1778.0,Mallorca
   (F) FONDA,2015,8.0,230.0,Mallorca
   (H) HOTEL,2015,568.0,153851.0,Mallorca
   (HA) HOTEL APARTAMENTO,2015,192.0,77124.0,Mallorca
   (HO) HOSPEDERÍA,2015,2.0,86.0,Mallorca
   (HR) HOTEL RURAL,2015,37.0,1487.0,Mallorca
   (HRE) HOTEL RESIDENCIA,2015,9.0,571.0,Mallorca
   (HS) HOSTAL,2015,74.0,3938.0,Mallorca
   (HSR) HOSTAL RESIDENCIA,2015,90.0,3701.0,Mallorca
   (PE) PENSIÓN,2015,1.0,23.0,Mallorca
   (RA) RESIDENCIA APARTAMENTO,2015,0.0,0.0,Mallorca
   (TI) TURISMO DE INTERIOR,2015,88.0,1212.0,Mallorca
   (AG) AGROTURISMO,2014,201.0,3164.0,Mallorca
   (AP) APARTAMENTOS TURÍSTICOS,2014,338.0,40546.0,Mallorca
   (CH) CASA DE HUÉSPEDES,2014,18.0,556.0,Mallorca
   (CT) CAMPING TURÍSTICO,2014,1.0,500.0,Mallorca
   (CV) CIUDAD DE VACACIONES,2014,2.0,1778.0,Mallorca
   (F) FONDA,2014,8.0,230.0,Mallorca
   (H) HOTEL,2014,565.0,154345.0,Mallorca
   (HA) HOTEL APARTAMENTO,2014,194.0,76600.0,Mallorca
   (HO) HOSPEDERÍA,2014,0.0,0.0,Mallorca
   (HR) HOTEL RURAL,2014,35.0,1443.0,Mallorca
   (HRE) HOTEL RESIDENCIA,2014,9.0,571.0,Mallorca
   (HS) HOSTAL,2014,76.0,4094.0,Mallorca
   (HSR) HOSTAL RESIDENCIA,2014,90.0,3691.0,Mallorca
   (PE) PENSIÓN,2014,1.0,23.0,Mallorca
   (RA) RESIDENCIA APARTAMENTO,2014,0.0,0.0,Mallorca
   (TI) TURISMO DE INTERIOR,2014,79.0,1037.0,Mallorca
   (AG) AGROTURISMO,2013,182.0,2783.0,Mallorca
   (AP) APARTAMENTOS TURÍSTICOS,2013,343.0,41132.0,Mallorca
   (CH) CASA DE HUÉSPEDES,2013,18.0,550.0,Mallorca
   (CT) CAMPING TURÍSTICO,2013,1.0,500.0,Mallorca
   (CV) CIUDAD DE VACACIONES,2013,1.0,660.0,Mallorca
   (F) FONDA,2013,8.0,230.0,Mallorca
   (H) HOTEL,2013,562.0,152728.0,Mallorca
   (HA) HOTEL APARTAMENTO,2013,187.0,77476.0,Mallorca
   (HO) HOSPEDERÍA,2013,0.0,0.0,Mallorca
   (HR) HOTEL RURAL,2013,33.0,1270.0,Mallorca
   (HRE) HOTEL RESIDENCIA,2013,12.0,790.0,Mallorca
   (HS) HOSTAL,2013,75.0,4009.0,Mallorca
   (HSR) HOSTAL RESIDENCIA,2013,90.0,3710.0,Mallorca
   (PE) PENSIÓN,2013,1.0,23.0,Mallorca
   (RA) RESIDENCIA APARTAMENTO,2013,0.0,0.0,Mallorca
   (TI) TURISMO DE INTERIOR,2013,77.0,993.0,Mallorca
   (AG) AGROTURISMO,2012,176.0,2637.0,Mallorca
   (AP) APARTAMENTOS TURÍSTICOS,2012,344.0,41261.0,Mallorca
   (CH) CASA DE HUÉSPEDES,2012,18.0,538.0,Mallorca
   (CT) CAMPING TURÍSTICO,2012,1.0,500.0,Mallorca
   (CV) CIUDAD DE VACACIONES,2012,1.0,660.0,Mallorca
   (F) FONDA,2012,8.0,230.0,Mallorca
   (H) HOTEL,2012,557.0,150960.0,Mallorca
   (HA) HOTEL APARTAMENTO,2012,188.0,77487.0,Mallorca
   (HO) HOSPEDERÍA,2012,0.0,0.0,Mallorca
   (HR) HOTEL RURAL,2012,32.0,1191.0,Mallorca
   (HRE) HOTEL RESIDENCIA,2012,12.0,790.0,Mallorca
   (HS) HOSTAL,2012,76.0,4058.0,Mallorca
   (HSR) HOSTAL RESIDENCIA,2012,91.0,3762.0,Mallorca
   (PE) PENSIÓN,2012,1.0,23.0,Mallorca
   (RA) RESIDENCIA APARTAMENTO,2012,0.0,0.0,Mallorca
   (TI) TURISMO DE INTERIOR,2012,66.0,859.0,Mallorca
   (AG) AGROTURISMO,2011,173.0,2494.0,Mallorca
   (AP) APARTAMENTOS TURÍSTICOS,2011,349.0,41626.0,Mallorca
   (CH) CASA DE HUÉSPEDES,2011,17.0,508.0,Mallorca
   (CT) CAMPING TURÍSTICO,2011,1.0,500.0,Mallorca
   (CV) CIUDAD DE VACACIONES,2011,2.0,1778.0,Mallorca
   (F) FONDA,2011,8.0,230.0,Mallorca
   (H) HOTEL,2011,557.0,150701.0,Mallorca
   (HA) HOTEL APARTAMENTO,2011,188.0,76315.0,Mallorca
   (HO) HOSPEDERÍA,2011,,,Mallorca
   (HR) HOTEL RURAL,2011,31.0,1137.0,Mallorca
   (HRE) HOTEL RESIDENCIA,2011,12.0,781.0,Mallorca
   (HS) HOSTAL,2011,78.0,4165.0,Mallorca
   (HSR) HOSTAL RESIDENCIA,2011,93.0,3815.0,Mallorca
   (PE) PENSIÓN,2011,1.0,23.0,Mallorca
   (RA) RESIDENCIA APARTAMENTO,2011,0.0,0.0,Mallorca
   (TI) TURISMO DE INTERIOR,2011,64.0,839.0,Mallorca
   (AG) AGROTURISMO,2010,175.0,2507.0,Mallorca
   (AP) APARTAMENTOS TURÍSTICOS,2010,372.0,43689.0,Mallorca
   (CH) CASA DE HUÉSPEDES,2010,19.0,566.0,Mallorca
   (CT) CAMPING TURÍSTICO,2010,1.0,500.0,Mallorca
   (CV) CIUDAD DE VACACIONES,2010,2.0,1778.0,Mallorca
   (F) FONDA,2010,9.0,248.0,Mallorca
   (H) HOTEL,2010,560.0,151014.0,Mallorca
   (HA) HOTEL APARTAMENTO,2010,186.0,75008.0,Mallorca
   (HO) HOSPEDERÍA,2010,,,Mallorca
   (HR) HOTEL RURAL,2010,31.0,1134.0,Mallorca
   (HRE) HOTEL RESIDENCIA,2010,12.0,781.0,Mallorca
   (HS) HOSTAL,2010,88.0,4633.0,Mallorca
   (HSR) HOSTAL RESIDENCIA,2010,98.0,3964.0,Mallorca
   (PE) PENSIÓN,2010,1.0,23.0,Mallorca
   (RA) RESIDENCIA APARTAMENTO,2010,0.0,0.0,Mallorca
   (TI) TURISMO DE INTERIOR,2010,60.0,773.0,Mallorca
   (AG) AGROTURISMO,2009,158.0,2236.0,Mallorca
   (AP) APARTAMENTOS TURÍSTICOS,2009,380.0,45550.0,Mallorca
   (CH) CASA DE HUÉSPEDES,2009,19.0,566.0,Mallorca
   (CT) CAMPING TURÍSTICO,2009,1.0,500.0,Mallorca
   (CV) CIUDAD DE VACACIONES,2009,2.0,1778.0,Mallorca
   (F) FONDA,2009,9.0,248.0,Mallorca
   (H) HOTEL,2009,558.0,149455.0,Mallorca
   (HA) HOTEL APARTAMENTO,2009,177.0,72848.0,Mallorca
   (HO) HOSPEDERÍA,2009,,,Mallorca
   (HR) HOTEL RURAL,2009,30.0,1069.0,Mallorca
   (HRE) HOTEL RESIDENCIA,2009,13.0,844.0,Mallorca
   (HS) HOSTAL,2009,91.0,5269.0,Mallorca
   (HSR) HOSTAL RESIDENCIA,2009,99.0,3996.0,Mallorca
   (PE) PENSIÓN,2009,1.0,23.0,Mallorca
   (RA) RESIDENCIA APARTAMENTO,2009,0.0,0.0,Mallorca
   (TI) TURISMO DE INTERIOR,2009,54.0,683.0,Mallorca
   (AG) AGROTURISMO,2008,151.0,2082.0,Mallorca
   (AP) APARTAMENTOS TURÍSTICOS,2008,387.0,46340.0,Mallorca
   (CH) CASA DE HUÉSPEDES,2008,19.0,566.0,Mallorca
   (CT) CAMPING TURÍSTICO,2008,1.0,500.0,Mallorca
   (CV) CIUDAD DE VACACIONES,2008,2.0,1778.0,Mallorca
   (F) FONDA,2008,9.0,248.0,Mallorca
   (H) HOTEL,2008,555.0,149405.0,Mallorca
   (HA) HOTEL APARTAMENTO,2008,175.0,72323.0,Mallorca
   (HO) HOSPEDERÍA,2008,,,Mallorca
   (HR) HOTEL RURAL,2008,27.0,981.0,Mallorca
   (HRE) HOTEL RESIDENCIA,2008,13.0,844.0,Mallorca
   (HS) HOSTAL,2008,94.0,5417.0,Mallorca
   (HSR) HOSTAL RESIDENCIA,2008,105.0,4256.0,Mallorca
   (PE) PENSIÓN,2008,1.0,23.0,Mallorca
   (RA) RESIDENCIA APARTAMENTO,2008,0.0,0.0,Mallorca
   (TI) TURISMO DE INTERIOR,2008,48.0,607.0,Mallorca
   (AG) AGROTURISMO,2020,33.0,703.0,Menorca
   (AP) APARTAMENTOS TURÍSTICOS,2020,199.0,20170.0,Menorca
   (CH) CASA DE HUÉSPEDES,2020,2.0,39.0,Menorca
   (CT) CAMPING TURÍSTICO,2020,2.0,1039.0,Menorca
   (CV) CIUDAD DE VACACIONES,2020,1.0,816.0,Menorca
   (F) FONDA,2020,1.0,7.0,Menorca
   (H) HOTEL,2020,54.0,14363.0,Menorca
   (HA) HOTEL APARTAMENTO,2020,34.0,12537.0,Menorca
   (HO) HOSPEDERÍA,2020,1.0,36.0,Menorca
   (HR) HOTEL RURAL,2020,6.0,226.0,Menorca
   (HRE) HOTEL RESIDENCIA,2020,0.0,0.0,Menorca
   (HS) HOSTAL,2020,9.0,350.0,Menorca
   (HSR) HOSTAL RESIDENCIA,2020,13.0,502.0,Menorca
   (PE) PENSIÓN,2020,0.0,0.0,Menorca
   (RA) RESIDENCIA APARTAMENTO,2020,3.0,1612.0,Menorca
   (TI) TURISMO DE INTERIOR,2020,50.0,714.0,Menorca
   (AG) AGROTURISMO,2019,30.0,645.0,Menorca
   (AP) APARTAMENTOS TURÍSTICOS,2019,204.0,20353.0,Menorca
   (CH) CASA DE HUÉSPEDES,2019,2.0,39.0,Menorca
   (CT) CAMPING TURÍSTICO,2019,2.0,1039.0,Menorca
   (CV) CIUDAD DE VACACIONES,2019,1.0,816.0,Menorca
   (F) FONDA,2019,1.0,7.0,Menorca
   (H) HOTEL,2019,55.0,14092.0,Menorca
   (HA) HOTEL APARTAMENTO,2019,32.0,12161.0,Menorca
   (HO) HOSPEDERÍA,2019,1.0,36.0,Menorca
   (HR) HOTEL RURAL,2019,6.0,226.0,Menorca
   (HRE) HOTEL RESIDENCIA,2019,0.0,0.0,Menorca
   (HS) HOSTAL,2019,9.0,350.0,Menorca
   (HSR) HOSTAL RESIDENCIA,2019,13.0,502.0,Menorca
   (PE) PENSIÓN,2019,0.0,0.0,Menorca
   (RA) RESIDENCIA APARTAMENTO,2019,3.0,1612.0,Menorca
   (TI) TURISMO DE INTERIOR,2019,42.0,588.0,Menorca
   (AG) AGROTURISMO,2018,26.0,451.0,Menorca
   (AP) APARTAMENTOS TURÍSTICOS,2018,204.0,20032.0,Menorca
   (CH) CASA DE HUÉSPEDES,2018,2.0,39.0,Menorca
   (CT) CAMPING TURÍSTICO,2018,2.0,1039.0,Menorca
   (CV) CIUDAD DE VACACIONES,2018,1.0,816.0,Menorca
   (F) FONDA,2018,1.0,7.0,Menorca
   (H) HOTEL,2018,52.0,14037.0,Menorca
   (HA) HOTEL APARTAMENTO,2018,32.0,12151.0,Menorca
   (HO) HOSPEDERÍA,2018,0.0,0.0,Menorca
   (HR) HOTEL RURAL,2018,6.0,212.0,Menorca
   (HRE) HOTEL RESIDENCIA,2018,1.0,429.0,Menorca
   (HS) HOSTAL,2018,9.0,350.0,Menorca
   (HSR) HOSTAL RESIDENCIA,2018,13.0,503.0,Menorca
   (PE) PENSIÓN,2018,0.0,0.0,Menorca
   (RA) RESIDENCIA APARTAMENTO,2018,3.0,1612.0,Menorca
   (TI) TURISMO DE INTERIOR,2018,37.0,527.0,Menorca
   (AG) AGROTURISMO,2017,24.0,378.0,Menorca
   (AP) APARTAMENTOS TURÍSTICOS,2017,205.0,20335.0,Menorca
   (CH) CASA DE HUÉSPEDES,2017,2.0,39.0,Menorca
   (CT) CAMPING TURÍSTICO,2017,2.0,1039.0,Menorca
   (CV) CIUDAD DE VACACIONES,2017,1.0,816.0,Menorca
   (F) FONDA,2017,1.0,7.0,Menorca
   (H) HOTEL,2017,51.0,13708.0,Menorca
   (HA) HOTEL APARTAMENTO,2017,32.0,12121.0,Menorca
   (HO) HOSPEDERÍA,2017,0.0,0.0,Menorca
   (HR) HOTEL RURAL,2017,6.0,202.0,Menorca
   (HRE) HOTEL RESIDENCIA,2017,1.0,429.0,Menorca
   (HS) HOSTAL,2017,9.0,350.0,Menorca
   (HSR) HOSTAL RESIDENCIA,2017,13.0,503.0,Menorca
   (PE) PENSIÓN,2017,0.0,0.0,Menorca
   (RA) RESIDENCIA APARTAMENTO,2017,3.0,1612.0,Menorca
   (TI) TURISMO DE INTERIOR,2017,25.0,337.0,Menorca
   (AG) AGROTURISMO,2016,22.0,336.0,Menorca
   (AP) APARTAMENTOS TURÍSTICOS,2016,206.0,20402.0,Menorca
   (CH) CASA DE HUÉSPEDES,2016,2.0,39.0,Menorca
   (CT) CAMPING TURÍSTICO,2016,2.0,1039.0,Menorca
   (CV) CIUDAD DE VACACIONES,2016,1.0,816.0,Menorca
   (F) FONDA,2016,1.0,7.0,Menorca
   (H) HOTEL,2016,51.0,14548.0,Menorca
   (HA) HOTEL APARTAMENTO,2016,30.0,10459.0,Menorca
   (HO) HOSPEDERÍA,2016,0.0,0.0,Menorca
   (HR) HOTEL RURAL,2016,6.0,202.0,Menorca
   (HRE) HOTEL RESIDENCIA,2016,2.0,569.0,Menorca
   (HS) HOSTAL,2016,9.0,351.0,Menorca
   (HSR) HOSTAL RESIDENCIA,2016,14.0,567.0,Menorca
   (PE) PENSIÓN,2016,0.0,0.0,Menorca
   (RA) RESIDENCIA APARTAMENTO,2016,2.0,1183.0,Menorca
   (TI) TURISMO DE INTERIOR,2016,13.0,218.0,Menorca
   (AG) AGROTURISMO,2015,24.0,355.0,Menorca
   (AP) APARTAMENTOS TURÍSTICOS,2015,206.0,20330.0,Menorca
   (CH) CASA DE HUÉSPEDES,2015,2.0,39.0,Menorca
   (CT) CAMPING TURÍSTICO,2015,2.0,1039.0,Menorca
   (CV) CIUDAD DE VACACIONES,2015,1.0,816.0,Menorca
   (F) FONDA,2015,1.0,7.0,Menorca
   (H) HOTEL,2015,48.0,13239.0,Menorca
   (HA) HOTEL APARTAMENTO,2015,30.0,10774.0,Menorca
   (HO) HOSPEDERÍA,2015,0.0,0.0,Menorca
   (HR) HOTEL RURAL,2015,6.0,202.0,Menorca
   (HRE) HOTEL RESIDENCIA,2015,1.0,140.0,Menorca
   (HS) HOSTAL,2015,9.0,350.0,Menorca
   (HSR) HOSTAL RESIDENCIA,2015,14.0,567.0,Menorca
   (PE) PENSIÓN,2015,0.0,0.0,Menorca
   (RA) RESIDENCIA APARTAMENTO,2015,3.0,1612.0,Menorca
   (TI) TURISMO DE INTERIOR,2015,12.0,186.0,Menorca
   (AG) AGROTURISMO,2014,21.0,285.0,Menorca
   (AP) APARTAMENTOS TURÍSTICOS,2014,204.0,19548.0,Menorca
   (CH) CASA DE HUÉSPEDES,2014,2.0,39.0,Menorca
   (CT) CAMPING TURÍSTICO,2014,2.0,1039.0,Menorca
   (CV) CIUDAD DE VACACIONES,2014,1.0,816.0,Menorca
   (F) FONDA,2014,1.0,7.0,Menorca
   (H) HOTEL,2014,50.0,13552.0,Menorca
   (HA) HOTEL APARTAMENTO,2014,36.0,10794.0,Menorca
   (HO) HOSPEDERÍA,2014,0.0,0.0,Menorca
   (HR) HOTEL RURAL,2014,6.0,199.0,Menorca
   (HRE) HOTEL RESIDENCIA,2014,1.0,140.0,Menorca
   (HS) HOSTAL,2014,9.0,375.0,Menorca
   (HSR) HOSTAL RESIDENCIA,2014,13.0,495.0,Menorca
   (PE) PENSIÓN,2014,0.0,0.0,Menorca
   (RA) RESIDENCIA APARTAMENTO,2014,3.0,1612.0,Menorca
   (TI) TURISMO DE INTERIOR,2014,8.0,168.0,Menorca
   (AG) AGROTURISMO,2013,17.0,241.0,Menorca
   (AP) APARTAMENTOS TURÍSTICOS,2013,207.0,20298.0,Menorca
   (CH) CASA DE HUÉSPEDES,2013,2.0,39.0,Menorca
   (CT) CAMPING TURÍSTICO,2013,2.0,1039.0,Menorca
   (CV) CIUDAD DE VACACIONES,2013,1.0,816.0,Menorca
   (F) FONDA,2013,1.0,7.0,Menorca
   (H) HOTEL,2013,50.0,14433.0,Menorca
   (HA) HOTEL APARTAMENTO,2013,30.0,10180.0,Menorca
   (HO) HOSPEDERÍA,2013,0.0,0.0,Menorca
   (HR) HOTEL RURAL,2013,6.0,199.0,Menorca
   (HRE) HOTEL RESIDENCIA,2013,1.0,140.0,Menorca
   (HS) HOSTAL,2013,11.0,443.0,Menorca
   (HSR) HOSTAL RESIDENCIA,2013,15.0,591.0,Menorca
   (PE) PENSIÓN,2013,0.0,0.0,Menorca
   (RA) RESIDENCIA APARTAMENTO,2013,2.0,1245.0,Menorca
   (TI) TURISMO DE INTERIOR,2013,7.0,98.0,Menorca
   (AG) AGROTURISMO,2012,14.0,179.0,Menorca
   (AP) APARTAMENTOS TURÍSTICOS,2012,207.0,20298.0,Menorca
   (CH) CASA DE HUÉSPEDES,2012,3.0,53.0,Menorca
   (CT) CAMPING TURÍSTICO,2012,2.0,1039.0,Menorca
   (CV) CIUDAD DE VACACIONES,2012,1.0,816.0,Menorca
   (F) FONDA,2012,1.0,7.0,Menorca
   (H) HOTEL,2012,47.0,13904.0,Menorca
   (HA) HOTEL APARTAMENTO,2012,30.0,10180.0,Menorca
   (HO) HOSPEDERÍA,2012,0.0,0.0,Menorca
   (HR) HOTEL RURAL,2012,6.0,199.0,Menorca
   (HRE) HOTEL RESIDENCIA,2012,3.0,302.0,Menorca
   (HS) HOSTAL,2012,11.0,443.0,Menorca
   (HSR) HOSTAL RESIDENCIA,2012,15.0,591.0,Menorca
   (PE) PENSIÓN,2012,0.0,0.0,Menorca
   (RA) RESIDENCIA APARTAMENTO,2012,3.0,1612.0,Menorca
   (TI) TURISMO DE INTERIOR,2012,5.0,72.0,Menorca
   (AG) AGROTURISMO,2011,11.0,128.0,Menorca
   (AP) APARTAMENTOS TURÍSTICOS,2011,218.0,20631.0,Menorca
   (CH) CASA DE HUÉSPEDES,2011,3.0,53.0,Menorca
   (CT) CAMPING TURÍSTICO,2011,2.0,1039.0,Menorca
   (CV) CIUDAD DE VACACIONES,2011,1.0,816.0,Menorca
   (F) FONDA,2011,2.0,22.0,Menorca
   (H) HOTEL,2011,45.0,13477.0,Menorca
   (HA) HOTEL APARTAMENTO,2011,28.0,10162.0,Menorca
   (HO) HOSPEDERÍA,2011,,,Menorca
   (HR) HOTEL RURAL,2011,4.0,121.0,Menorca
   (HRE) HOTEL RESIDENCIA,2011,4.0,331.0,Menorca
   (HS) HOSTAL,2011,12.0,517.0,Menorca
   (HSR) HOSTAL RESIDENCIA,2011,13.0,451.0,Menorca
   (PE) PENSIÓN,2011,0.0,0.0,Menorca
   (RA) RESIDENCIA APARTAMENTO,2011,6.0,1760.0,Menorca
   (TI) TURISMO DE INTERIOR,2011,5.0,72.0,Menorca
   (AG) AGROTURISMO,2010,11.0,120.0,Menorca
   (AP) APARTAMENTOS TURÍSTICOS,2010,218.0,20631.0,Menorca
   (CH) CASA DE HUÉSPEDES,2010,4.0,63.0,Menorca
   (CT) CAMPING TURÍSTICO,2010,2.0,1039.0,Menorca
   (CV) CIUDAD DE VACACIONES,2010,1.0,816.0,Menorca
   (F) FONDA,2010,2.0,22.0,Menorca
   (H) HOTEL,2010,45.0,13477.0,Menorca
   (HA) HOTEL APARTAMENTO,2010,29.0,10340.0,Menorca
   (HO) HOSPEDERÍA,2010,,,Menorca
   (HR) HOTEL RURAL,2010,4.0,119.0,Menorca
   (HRE) HOTEL RESIDENCIA,2010,4.0,331.0,Menorca
   (HS) HOSTAL,2010,11.0,443.0,Menorca
   (HSR) HOSTAL RESIDENCIA,2010,15.0,591.0,Menorca
   (PE) PENSIÓN,2010,0.0,0.0,Menorca
   (RA) RESIDENCIA APARTAMENTO,2010,4.0,1684.0,Menorca
   (TI) TURISMO DE INTERIOR,2010,3.0,44.0,Menorca
   (AG) AGROTURISMO,2009,11.0,120.0,Menorca
   (AP) APARTAMENTOS TURÍSTICOS,2009,222.0,21101.0,Menorca
   (CH) CASA DE HUÉSPEDES,2009,5.0,77.0,Menorca
   (CT) CAMPING TURÍSTICO,2009,2.0,1039.0,Menorca
   (CV) CIUDAD DE VACACIONES,2009,1.0,816.0,Menorca
   (F) FONDA,2009,2.0,22.0,Menorca
   (H) HOTEL,2009,45.0,13477.0,Menorca
   (HA) HOTEL APARTAMENTO,2009,28.0,9942.0,Menorca
   (HO) HOSPEDERÍA,2009,,,Menorca
   (HR) HOTEL RURAL,2009,4.0,119.0,Menorca
   (HRE) HOTEL RESIDENCIA,2009,4.0,331.0,Menorca
   (HS) HOSTAL,2009,11.0,443.0,Menorca
   (HSR) HOSTAL RESIDENCIA,2009,16.0,611.0,Menorca
   (PE) PENSIÓN,2009,0.0,0.0,Menorca
   (RA) RESIDENCIA APARTAMENTO,2009,4.0,1684.0,Menorca
   (TI) TURISMO DE INTERIOR,2009,3.0,44.0,Menorca
   (AG) AGROTURISMO,2008,11.0,120.0,Menorca
   (AP) APARTAMENTOS TURÍSTICOS,2008,222.0,20939.0,Menorca
   (CH) CASA DE HUÉSPEDES,2008,4.0,67.0,Menorca
   (CT) CAMPING TURÍSTICO,2008,2.0,1039.0,Menorca
   (CV) CIUDAD DE VACACIONES,2008,1.0,816.0,Menorca
   (F) FONDA,2008,2.0,22.0,Menorca
   (H) HOTEL,2008,45.0,13799.0,Menorca
   (HA) HOTEL APARTAMENTO,2008,28.0,9942.0,Menorca
   (HO) HOSPEDERÍA,2008,,,Menorca
   (HR) HOTEL RURAL,2008,4.0,119.0,Menorca
   (HRE) HOTEL RESIDENCIA,2008,4.0,331.0,Menorca
   (HS) HOSTAL,2008,11.0,443.0,Menorca
   (HSR) HOSTAL RESIDENCIA,2008,16.0,611.0,Menorca
   (PE) PENSIÓN,2008,0.0,0.0,Menorca
   (RA) RESIDENCIA APARTAMENTO,2008,4.0,1684.0,Menorca
   (TI) TURISMO DE INTERIOR,2008,3.0,44.0,Menorca
   (AG) AGROTURISMO,2020,31.0,542.0,Ibiza
   (AP) APARTAMENTOS TURÍSTICOS,2020,231.0,21270.0,Ibiza
   (CH) CASA DE HUÉSPEDES,2020,25.0,466.0,Ibiza
   (CT) CAMPING TURÍSTICO,2020,5.0,1598.0,Ibiza
   (CV) CIUDAD DE VACACIONES,2020,5.0,2953.0,Ibiza
   (F) FONDA,2020,3.0,89.0,Ibiza
   (H) HOTEL,2020,111.0,36717.0,Ibiza
   (HA) HOTEL APARTAMENTO,2020,27.0,7119.0,Ibiza
   (HO) HOSPEDERÍA,2020,0.0,0.0,Ibiza
   (HR) HOTEL RURAL,2020,7.0,183.0,Ibiza
   (HRE) HOTEL RESIDENCIA,2020,16.0,2158.0,Ibiza
   (HS) HOSTAL,2020,23.0,1079.0,Ibiza
   (HSR) HOSTAL RESIDENCIA,2020,59.0,3477.0,Ibiza
   (PE) PENSIÓN,2020,0.0,0.0,Ibiza
   (RA) RESIDENCIA APARTAMENTO,2020,2.0,104.0,Ibiza
   (TI) TURISMO DE INTERIOR,2020,3.0,30.0,Ibiza
   (AG) AGROTURISMO,2019,31.0,542.0,Ibiza
   (AP) APARTAMENTOS TURÍSTICOS,2019,227.0,21038.0,Ibiza
   (CH) CASA DE HUÉSPEDES,2019,25.0,466.0,Ibiza
   (CT) CAMPING TURÍSTICO,2019,5.0,1598.0,Ibiza
   (CV) CIUDAD DE VACACIONES,2019,5.0,2953.0,Ibiza
   (F) FONDA,2019,3.0,89.0,Ibiza
   (H) HOTEL,2019,113.0,38042.0,Ibiza
   (HA) HOTEL APARTAMENTO,2019,27.0,7132.0,Ibiza
   (HO) HOSPEDERÍA,2019,0.0,0.0,Ibiza
   (HR) HOTEL RURAL,2019,7.0,183.0,Ibiza
   (HRE) HOTEL RESIDENCIA,2019,16.0,2158.0,Ibiza
   (HS) HOSTAL,2019,23.0,1079.0,Ibiza
   (HSR) HOSTAL RESIDENCIA,2019,59.0,3477.0,Ibiza
   (PE) PENSIÓN,2019,0.0,0.0,Ibiza
   (RA) RESIDENCIA APARTAMENTO,2019,2.0,104.0,Ibiza
   (TI) TURISMO DE INTERIOR,2019,3.0,30.0,Ibiza
   (AG) AGROTURISMO,2018,29.0,494.0,Ibiza
   (AP) APARTAMENTOS TURÍSTICOS,2018,226.0,20927.0,Ibiza
   (CH) CASA DE HUÉSPEDES,2018,25.0,459.0,Ibiza
   (CT) CAMPING TURÍSTICO,2018,5.0,1598.0,Ibiza
   (CV) CIUDAD DE VACACIONES,2018,4.0,2631.0,Ibiza
   (F) FONDA,2018,3.0,89.0,Ibiza
   (H) HOTEL,2018,120.0,39775.0,Ibiza
   (HA) HOTEL APARTAMENTO,2018,27.0,6966.0,Ibiza
   (HO) HOSPEDERÍA,2018,0.0,0.0,Ibiza
   (HR) HOTEL RURAL,2018,7.0,183.0,Ibiza
   (HRE) HOTEL RESIDENCIA,2018,16.0,2111.0,Ibiza
   (HS) HOSTAL,2018,23.0,1079.0,Ibiza
   (HSR) HOSTAL RESIDENCIA,2018,58.0,3448.0,Ibiza
   (PE) PENSIÓN,2018,0.0,0.0,Ibiza
   (RA) RESIDENCIA APARTAMENTO,2018,4.0,345.0,Ibiza
   (TI) TURISMO DE INTERIOR,2018,3.0,30.0,Ibiza
   (AG) AGROTURISMO,2017,29.0,486.0,Ibiza
   (AP) APARTAMENTOS TURÍSTICOS,2017,228.0,21134.0,Ibiza
   (CH) CASA DE HUÉSPEDES,2017,25.0,459.0,Ibiza
   (CT) CAMPING TURÍSTICO,2017,5.0,1598.0,Ibiza
   (CV) CIUDAD DE VACACIONES,2017,5.0,2953.0,Ibiza
   (F) FONDA,2017,3.0,89.0,Ibiza
   (H) HOTEL,2017,110.0,37102.0,Ibiza
   (HA) HOTEL APARTAMENTO,2017,25.0,6842.0,Ibiza
   (HO) HOSPEDERÍA,2017,0.0,0.0,Ibiza
   (HR) HOTEL RURAL,2017,7.0,154.0,Ibiza
   (HRE) HOTEL RESIDENCIA,2017,18.0,2244.0,Ibiza
   (HS) HOSTAL,2017,23.0,1067.0,Ibiza
   (HSR) HOSTAL RESIDENCIA,2017,61.0,3615.0,Ibiza
   (PE) PENSIÓN,2017,0.0,0.0,Ibiza
   (RA) RESIDENCIA APARTAMENTO,2017,4.0,340.0,Ibiza
   (TI) TURISMO DE INTERIOR,2017,3.0,30.0,Ibiza
   (AG) AGROTURISMO,2016,29.0,466.0,Ibiza
   (AP) APARTAMENTOS TURÍSTICOS,2016,229.0,21154.0,Ibiza
   (CH) CASA DE HUÉSPEDES,2016,25.0,459.0,Ibiza
   (CT) CAMPING TURÍSTICO,2016,5.0,1598.0,Ibiza
   (CV) CIUDAD DE VACACIONES,2016,5.0,2953.0,Ibiza
   (F) FONDA,2016,3.0,89.0,Ibiza
   (H) HOTEL,2016,109.0,36222.0,Ibiza
   (HA) HOTEL APARTAMENTO,2016,25.0,6842.0,Ibiza
   (HO) HOSPEDERÍA,2016,0.0,0.0,Ibiza
   (HR) HOTEL RURAL,2016,7.0,154.0,Ibiza
   (HRE) HOTEL RESIDENCIA,2016,19.0,2358.0,Ibiza
   (HS) HOSTAL,2016,23.0,1067.0,Ibiza
   (HSR) HOSTAL RESIDENCIA,2016,60.0,3559.0,Ibiza
   (PE) PENSIÓN,2016,0.0,0.0,Ibiza
   (RA) RESIDENCIA APARTAMENTO,2016,4.0,340.0,Ibiza
   (TI) TURISMO DE INTERIOR,2016,3.0,30.0,Ibiza
   (AG) AGROTURISMO,2015,29.0,466.0,Ibiza
   (AP) APARTAMENTOS TURÍSTICOS,2015,229.0,21018.0,Ibiza
   (CH) CASA DE HUÉSPEDES,2015,25.0,459.0,Ibiza
   (CT) CAMPING TURÍSTICO,2015,5.0,1598.0,Ibiza
   (CV) CIUDAD DE VACACIONES,2015,5.0,2953.0,Ibiza
   (F) FONDA,2015,3.0,89.0,Ibiza
   (H) HOTEL,2015,108.0,36931.0,Ibiza
   (HA) HOTEL APARTAMENTO,2015,25.0,6842.0,Ibiza
   (HO) HOSPEDERÍA,2015,0.0,0.0,Ibiza
   (HR) HOTEL RURAL,2015,7.0,154.0,Ibiza
   (HRE) HOTEL RESIDENCIA,2015,20.0,2550.0,Ibiza
   (HS) HOSTAL,2015,23.0,1067.0,Ibiza
   (HSR) HOSTAL RESIDENCIA,2015,60.0,3386.0,Ibiza
   (PE) PENSIÓN,2015,0.0,0.0,Ibiza
   (RA) RESIDENCIA APARTAMENTO,2015,4.0,340.0,Ibiza
   (TI) TURISMO DE INTERIOR,2015,3.0,30.0,Ibiza
   (AG) AGROTURISMO,2014,26.0,437.0,Ibiza
   (AP) APARTAMENTOS TURÍSTICOS,2014,231.0,21083.0,Ibiza
   (CH) CASA DE HUÉSPEDES,2014,25.0,447.0,Ibiza
   (CT) CAMPING TURÍSTICO,2014,5.0,1598.0,Ibiza
   (CV) CIUDAD DE VACACIONES,2014,5.0,2953.0,Ibiza
   (F) FONDA,2014,3.0,89.0,Ibiza
   (H) HOTEL,2014,107.0,37227.0,Ibiza
   (HA) HOTEL APARTAMENTO,2014,25.0,6842.0,Ibiza
   (HO) HOSPEDERÍA,2014,0.0,0.0,Ibiza
   (HR) HOTEL RURAL,2014,7.0,154.0,Ibiza
   (HRE) HOTEL RESIDENCIA,2014,21.0,2414.0,Ibiza
   (HS) HOSTAL,2014,23.0,1067.0,Ibiza
   (HSR) HOSTAL RESIDENCIA,2014,61.0,3435.0,Ibiza
   (PE) PENSIÓN,2014,0.0,0.0,Ibiza
   (RA) RESIDENCIA APARTAMENTO,2014,4.0,326.0,Ibiza
   (TI) TURISMO DE INTERIOR,2014,3.0,30.0,Ibiza
   (AG) AGROTURISMO,2013,24.0,404.0,Ibiza
   (AP) APARTAMENTOS TURÍSTICOS,2013,231.0,21252.0,Ibiza
   (CH) CASA DE HUÉSPEDES,2013,25.0,459.0,Ibiza
   (CT) CAMPING TURÍSTICO,2013,5.0,1598.0,Ibiza
   (CV) CIUDAD DE VACACIONES,2013,7.0,4093.0,Ibiza
   (F) FONDA,2013,3.0,89.0,Ibiza
   (H) HOTEL,2013,105.0,36339.0,Ibiza
   (HA) HOTEL APARTAMENTO,2013,24.0,6743.0,Ibiza
   (HO) HOSPEDERÍA,2013,0.0,0.0,Ibiza
   (HR) HOTEL RURAL,2013,7.0,154.0,Ibiza
   (HRE) HOTEL RESIDENCIA,2013,22.0,2683.0,Ibiza
   (HS) HOSTAL,2013,23.0,1067.0,Ibiza
   (HSR) HOSTAL RESIDENCIA,2013,62.0,3630.0,Ibiza
   (PE) PENSIÓN,2013,0.0,0.0,Ibiza
   (RA) RESIDENCIA APARTAMENTO,2013,4.0,326.0,Ibiza
   (TI) TURISMO DE INTERIOR,2013,3.0,30.0,Ibiza
   (AG) AGROTURISMO,2012,22.0,360.0,Ibiza
   (AP) APARTAMENTOS TURÍSTICOS,2012,237.0,21917.0,Ibiza
   (CH) CASA DE HUÉSPEDES,2012,26.0,469.0,Ibiza
   (CT) CAMPING TURÍSTICO,2012,5.0,1598.0,Ibiza
   (CV) CIUDAD DE VACACIONES,2012,7.0,4093.0,Ibiza
   (F) FONDA,2012,3.0,89.0,Ibiza
   (H) HOTEL,2012,106.0,36362.0,Ibiza
   (HA) HOTEL APARTAMENTO,2012,23.0,6647.0,Ibiza
   (HO) HOSPEDERÍA,2012,0.0,0.0,Ibiza
   (HR) HOTEL RURAL,2012,7.0,154.0,Ibiza
   (HRE) HOTEL RESIDENCIA,2012,23.0,2823.0,Ibiza
   (HS) HOSTAL,2012,23.0,1067.0,Ibiza
   (HSR) HOSTAL RESIDENCIA,2012,62.0,3630.0,Ibiza
   (PE) PENSIÓN,2012,0.0,0.0,Ibiza
   (RA) RESIDENCIA APARTAMENTO,2012,4.0,326.0,Ibiza
   (TI) TURISMO DE INTERIOR,2012,3.0,30.0,Ibiza
   (AG) AGROTURISMO,2011,21.0,350.0,Ibiza
   (AP) APARTAMENTOS TURÍSTICOS,2011,236.0,21842.0,Ibiza
   (CH) CASA DE HUÉSPEDES,2011,28.0,529.0,Ibiza
   (CT) CAMPING TURÍSTICO,2011,5.0,1598.0,Ibiza
   (CV) CIUDAD DE VACACIONES,2011,7.0,4093.0,Ibiza
   (F) FONDA,2011,3.0,89.0,Ibiza
   (H) HOTEL,2011,104.0,36189.0,Ibiza
   (HA) HOTEL APARTAMENTO,2011,24.0,6859.0,Ibiza
   (HO) HOSPEDERÍA,2011,,,Ibiza
   (HR) HOTEL RURAL,2011,7.0,154.0,Ibiza
   (HRE) HOTEL RESIDENCIA,2011,23.0,2823.0,Ibiza
   (HS) HOSTAL,2011,23.0,1067.0,Ibiza
   (HSR) HOSTAL RESIDENCIA,2011,63.0,3645.0,Ibiza
   (PE) PENSIÓN,2011,0.0,0.0,Ibiza
   (RA) RESIDENCIA APARTAMENTO,2011,4.0,326.0,Ibiza
   (TI) TURISMO DE INTERIOR,2011,3.0,30.0,Ibiza
   (AG) AGROTURISMO,2010,20.0,332.0,Ibiza
   (AP) APARTAMENTOS TURÍSTICOS,2010,238.0,21392.0,Ibiza
   (CH) CASA DE HUÉSPEDES,2010,28.0,529.0,Ibiza
   (CT) CAMPING TURÍSTICO,2010,5.0,1598.0,Ibiza
   (CV) CIUDAD DE VACACIONES,2010,7.0,4093.0,Ibiza
   (F) FONDA,2010,3.0,89.0,Ibiza
   (H) HOTEL,2010,104.0,36189.0,Ibiza
   (HA) HOTEL APARTAMENTO,2010,21.0,6163.0,Ibiza
   (HO) HOSPEDERÍA,2010,,,Ibiza
   (HR) HOTEL RURAL,2010,5.0,124.0,Ibiza
   (HRE) HOTEL RESIDENCIA,2010,23.0,2823.0,Ibiza
   (HS) HOSTAL,2010,23.0,1067.0,Ibiza
   (HSR) HOSTAL RESIDENCIA,2010,64.0,3659.0,Ibiza
   (PE) PENSIÓN,2010,0.0,0.0,Ibiza
   (RA) RESIDENCIA APARTAMENTO,2010,7.0,848.0,Ibiza
   (TI) TURISMO DE INTERIOR,2010,2.0,19.0,Ibiza
   (AG) AGROTURISMO,2009,19.0,320.0,Ibiza
   (AP) APARTAMENTOS TURÍSTICOS,2009,244.0,24176.0,Ibiza
   (CH) CASA DE HUÉSPEDES,2009,28.0,539.0,Ibiza
   (CT) CAMPING TURÍSTICO,2009,5.0,1598.0,Ibiza
   (CV) CIUDAD DE VACACIONES,2009,7.0,4093.0,Ibiza
   (F) FONDA,2009,3.0,89.0,Ibiza
   (H) HOTEL,2009,101.0,33739.0,Ibiza
   (HA) HOTEL APARTAMENTO,2009,22.0,7100.0,Ibiza
   (HO) HOSPEDERÍA,2009,,,Ibiza
   (HR) HOTEL RURAL,2009,3.0,76.0,Ibiza
   (HRE) HOTEL RESIDENCIA,2009,23.0,2823.0,Ibiza
   (HS) HOSTAL,2009,24.0,1212.0,Ibiza
   (HSR) HOSTAL RESIDENCIA,2009,66.0,3706.0,Ibiza
   (PE) PENSIÓN,2009,0.0,0.0,Ibiza
   (RA) RESIDENCIA APARTAMENTO,2009,7.0,848.0,Ibiza
   (TI) TURISMO DE INTERIOR,2009,0.0,0.0,Ibiza
   (AG) AGROTURISMO,2008,14.0,226.0,Ibiza
   (AP) APARTAMENTOS TURÍSTICOS,2008,249.0,23201.0,Ibiza
   (CH) CASA DE HUÉSPEDES,2008,28.0,539.0,Ibiza
   (CT) CAMPING TURÍSTICO,2008,4.0,1223.0,Ibiza
   (CV) CIUDAD DE VACACIONES,2008,7.0,4093.0,Ibiza
   (F) FONDA,2008,3.0,89.0,Ibiza
   (H) HOTEL,2008,100.0,35175.0,Ibiza
   (HA) HOTEL APARTAMENTO,2008,22.0,6913.0,Ibiza
   (HO) HOSPEDERÍA,2008,,,Ibiza
   (HR) HOTEL RURAL,2008,3.0,76.0,Ibiza
   (HRE) HOTEL RESIDENCIA,2008,23.0,2823.0,Ibiza
   (HS) HOSTAL,2008,23.0,1070.0,Ibiza
   (HSR) HOSTAL RESIDENCIA,2008,66.0,3724.0,Ibiza
   (PE) PENSIÓN,2008,0.0,0.0,Ibiza
   (RA) RESIDENCIA APARTAMENTO,2008,7.0,848.0,Ibiza
   (TI) TURISMO DE INTERIOR,2008,0.0,0.0,Ibiza
   (AG) AGROTURISMO,2020,1.0,12.0,Formentera
   (AP) APARTAMENTOS TURÍSTICOS,2020,73.0,2758.0,Formentera
   (CH) CASA DE HUÉSPEDES,2020,8.0,125.0,Formentera
   (CT) CAMPING TURÍSTICO,2020,0.0,0.0,Formentera
   (CV) CIUDAD DE VACACIONES,2020,2.0,1193.0,Formentera
   (F) FONDA,2020,1.0,30.0,Formentera
   (H) HOTEL,2020,19.0,3008.0,Formentera
   (HA) HOTEL APARTAMENTO,2020,0.0,0.0,Formentera
   (HO) HOSPEDERÍA,2020,0.0,0.0,Formentera
   (HR) HOTEL RURAL,2020,0.0,0.0,Formentera
   (HRE) HOTEL RESIDENCIA,2020,0.0,0.0,Formentera
   (HS) HOSTAL,2020,10.0,659.0,Formentera
   (HSR) HOSTAL RESIDENCIA,2020,7.0,311.0,Formentera
   (PE) PENSIÓN,2020,0.0,0.0,Formentera
   (RA) RESIDENCIA APARTAMENTO,2020,0.0,0.0,Formentera
   (TI) TURISMO DE INTERIOR,2020,0.0,0.0,Formentera
   (AG) AGROTURISMO,2019,1.0,12.0,Formentera
   (AP) APARTAMENTOS TURÍSTICOS,2019,73.0,2758.0,Formentera
   (CH) CASA DE HUÉSPEDES,2019,8.0,125.0,Formentera
   (CT) CAMPING TURÍSTICO,2019,0.0,0.0,Formentera
   (CV) CIUDAD DE VACACIONES,2019,2.0,1193.0,Formentera
   (F) FONDA,2019,1.0,30.0,Formentera
   (H) HOTEL,2019,19.0,3008.0,Formentera
   (HA) HOTEL APARTAMENTO,2019,0.0,0.0,Formentera
   (HO) HOSPEDERÍA,2019,0.0,0.0,Formentera
   (HR) HOTEL RURAL,2019,0.0,0.0,Formentera
   (HRE) HOTEL RESIDENCIA,2019,0.0,0.0,Formentera
   (HS) HOSTAL,2019,10.0,659.0,Formentera
   (HSR) HOSTAL RESIDENCIA,2019,7.0,311.0,Formentera
   (PE) PENSIÓN,2019,0.0,0.0,Formentera
   (RA) RESIDENCIA APARTAMENTO,2019,0.0,0.0,Formentera
   (TI) TURISMO DE INTERIOR,2019,0.0,0.0,Formentera
   (AG) AGROTURISMO,2018,1.0,12.0,Formentera
   (AP) APARTAMENTOS TURÍSTICOS,2018,72.0,2700.0,Formentera
   (CH) CASA DE HUÉSPEDES,2018,8.0,125.0,Formentera
   (CT) CAMPING TURÍSTICO,2018,0.0,0.0,Formentera
   (CV) CIUDAD DE VACACIONES,2018,2.0,1193.0,Formentera
   (F) FONDA,2018,1.0,30.0,Formentera
   (H) HOTEL,2018,18.0,2850.0,Formentera
   (HA) HOTEL APARTAMENTO,2018,0.0,0.0,Formentera
   (HO) HOSPEDERÍA,2018,0.0,0.0,Formentera
   (HR) HOTEL RURAL,2018,0.0,0.0,Formentera
   (HRE) HOTEL RESIDENCIA,2018,0.0,0.0,Formentera
   (HS) HOSTAL,2018,10.0,659.0,Formentera
   (HSR) HOSTAL RESIDENCIA,2018,7.0,311.0,Formentera
   (PE) PENSIÓN,2018,0.0,0.0,Formentera
   (RA) RESIDENCIA APARTAMENTO,2018,0.0,0.0,Formentera
   (TI) TURISMO DE INTERIOR,2018,0.0,0.0,Formentera
   (AG) AGROTURISMO,2017,1.0,12.0,Formentera
   (AP) APARTAMENTOS TURÍSTICOS,2017,72.0,2700.0,Formentera
   (CH) CASA DE HUÉSPEDES,2017,8.0,125.0,Formentera
   (CT) CAMPING TURÍSTICO,2017,0.0,0.0,Formentera
   (CV) CIUDAD DE VACACIONES,2017,2.0,1193.0,Formentera
   (F) FONDA,2017,1.0,30.0,Formentera
   (H) HOTEL,2017,18.0,2850.0,Formentera
   (HA) HOTEL APARTAMENTO,2017,0.0,0.0,Formentera
   (HO) HOSPEDERÍA,2017,0.0,0.0,Formentera
   (HR) HOTEL RURAL,2017,0.0,0.0,Formentera
   (HRE) HOTEL RESIDENCIA,2017,0.0,0.0,Formentera
   (HS) HOSTAL,2017,11.0,733.0,Formentera
   (HSR) HOSTAL RESIDENCIA,2017,7.0,311.0,Formentera
   (PE) PENSIÓN,2017,0.0,0.0,Formentera
   (RA) RESIDENCIA APARTAMENTO,2017,0.0,0.0,Formentera
   (TI) TURISMO DE INTERIOR,2017,0.0,0.0,Formentera
   (AG) AGROTURISMO,2016,1.0,12.0,Formentera
   (AP) APARTAMENTOS TURÍSTICOS,2016,74.0,2977.0,Formentera
   (CH) CASA DE HUÉSPEDES,2016,8.0,125.0,Formentera
   (CT) CAMPING TURÍSTICO,2016,0.0,0.0,Formentera
   (CV) CIUDAD DE VACACIONES,2016,2.0,1193.0,Formentera
   (F) FONDA,2016,1.0,30.0,Formentera
   (H) HOTEL,2016,17.0,2404.0,Formentera
   (HA) HOTEL APARTAMENTO,2016,0.0,0.0,Formentera
   (HO) HOSPEDERÍA,2016,0.0,0.0,Formentera
   (HR) HOTEL RURAL,2016,0.0,0.0,Formentera
   (HRE) HOTEL RESIDENCIA,2016,0.0,0.0,Formentera
   (HS) HOSTAL,2016,12.0,777.0,Formentera
   (HSR) HOSTAL RESIDENCIA,2016,7.0,280.0,Formentera
   (PE) PENSIÓN,2016,0.0,0.0,Formentera
   (RA) RESIDENCIA APARTAMENTO,2016,0.0,0.0,Formentera
   (TI) TURISMO DE INTERIOR,2016,0.0,0.0,Formentera
   (AG) AGROTURISMO,2015,1.0,12.0,Formentera
   (AP) APARTAMENTOS TURÍSTICOS,2015,74.0,2977.0,Formentera
   (CH) CASA DE HUÉSPEDES,2015,8.0,125.0,Formentera
   (CT) CAMPING TURÍSTICO,2015,0.0,0.0,Formentera
   (CV) CIUDAD DE VACACIONES,2015,2.0,1193.0,Formentera
   (F) FONDA,2015,1.0,30.0,Formentera
   (H) HOTEL,2015,17.0,2404.0,Formentera
   (HA) HOTEL APARTAMENTO,2015,0.0,0.0,Formentera
   (HO) HOSPEDERÍA,2015,0.0,0.0,Formentera
   (HR) HOTEL RURAL,2015,0.0,0.0,Formentera
   (HRE) HOTEL RESIDENCIA,2015,0.0,0.0,Formentera
   (HS) HOSTAL,2015,12.0,777.0,Formentera
   (HSR) HOSTAL RESIDENCIA,2015,7.0,280.0,Formentera
   (PE) PENSIÓN,2015,0.0,0.0,Formentera
   (RA) RESIDENCIA APARTAMENTO,2015,0.0,0.0,Formentera
   (TI) TURISMO DE INTERIOR,2015,0.0,0.0,Formentera
   (AG) AGROTURISMO,2014,1.0,12.0,Formentera
   (AP) APARTAMENTOS TURÍSTICOS,2014,75.0,3019.0,Formentera
   (CH) CASA DE HUÉSPEDES,2014,8.0,125.0,Formentera
   (CT) CAMPING TURÍSTICO,2014,0.0,0.0,Formentera
   (CV) CIUDAD DE VACACIONES,2014,2.0,1193.0,Formentera
   (F) FONDA,2014,1.0,30.0,Formentera
   (H) HOTEL,2014,17.0,2404.0,Formentera
   (HA) HOTEL APARTAMENTO,2014,0.0,0.0,Formentera
   (HO) HOSPEDERÍA,2014,0.0,0.0,Formentera
   (HR) HOTEL RURAL,2014,0.0,0.0,Formentera
   (HRE) HOTEL RESIDENCIA,2014,0.0,0.0,Formentera
   (HS) HOSTAL,2014,12.0,777.0,Formentera
   (HSR) HOSTAL RESIDENCIA,2014,7.0,280.0,Formentera
   (PE) PENSIÓN,2014,0.0,0.0,Formentera
   (RA) RESIDENCIA APARTAMENTO,2014,0.0,0.0,Formentera
   (TI) TURISMO DE INTERIOR,2014,0.0,0.0,Formentera
   (AG) AGROTURISMO,2013,1.0,12.0,Formentera
   (AP) APARTAMENTOS TURÍSTICOS,2013,75.0,3019.0,Formentera
   (CH) CASA DE HUÉSPEDES,2013,8.0,125.0,Formentera
   (CT) CAMPING TURÍSTICO,2013,0.0,0.0,Formentera
   (CV) CIUDAD DE VACACIONES,2013,2.0,1193.0,Formentera
   (F) FONDA,2013,1.0,30.0,Formentera
   (H) HOTEL,2013,17.0,2375.0,Formentera
   (HA) HOTEL APARTAMENTO,2013,0.0,0.0,Formentera
   (HO) HOSPEDERÍA,2013,0.0,0.0,Formentera
   (HR) HOTEL RURAL,2013,0.0,0.0,Formentera
   (HRE) HOTEL RESIDENCIA,2013,0.0,0.0,Formentera
   (HS) HOSTAL,2013,12.0,806.0,Formentera
   (HSR) HOSTAL RESIDENCIA,2013,7.0,244.0,Formentera
   (PE) PENSIÓN,2013,0.0,0.0,Formentera
   (RA) RESIDENCIA APARTAMENTO,2013,0.0,0.0,Formentera
   (TI) TURISMO DE INTERIOR,2013,0.0,0.0,Formentera
   (AG) AGROTURISMO,2012,1.0,12.0,Formentera
   (AP) APARTAMENTOS TURÍSTICOS,2012,75.0,3019.0,Formentera
   (CH) CASA DE HUÉSPEDES,2012,8.0,125.0,Formentera
   (CT) CAMPING TURÍSTICO,2012,0.0,0.0,Formentera
   (CV) CIUDAD DE VACACIONES,2012,2.0,1193.0,Formentera
   (F) FONDA,2012,1.0,30.0,Formentera
   (H) HOTEL,2012,8.0,1783.0,Formentera
   (HA) HOTEL APARTAMENTO,2012,0.0,0.0,Formentera
   (HO) HOSPEDERÍA,2012,0.0,0.0,Formentera
   (HR) HOTEL RURAL,2012,0.0,0.0,Formentera
   (HRE) HOTEL RESIDENCIA,2012,0.0,0.0,Formentera
   (HS) HOSTAL,2012,19.0,1269.0,Formentera
   (HSR) HOSTAL RESIDENCIA,2012,8.0,351.0,Formentera
   (PE) PENSIÓN,2012,0.0,0.0,Formentera
   (RA) RESIDENCIA APARTAMENTO,2012,0.0,0.0,Formentera
   (TI) TURISMO DE INTERIOR,2012,0.0,0.0,Formentera
   (AG) AGROTURISMO,2011,1.0,12.0,Formentera
   (AP) APARTAMENTOS TURÍSTICOS,2011,75.0,3019.0,Formentera
   (CH) CASA DE HUÉSPEDES,2011,8.0,125.0,Formentera
   (CT) CAMPING TURÍSTICO,2011,0.0,0.0,Formentera
   (CV) CIUDAD DE VACACIONES,2011,2.0,1193.0,Formentera
   (F) FONDA,2011,1.0,30.0,Formentera
   (H) HOTEL,2011,7.0,1749.0,Formentera
   (HA) HOTEL APARTAMENTO,2011,0.0,0.0,Formentera
   (HO) HOSPEDERÍA,2011,,,Formentera
   (HR) HOTEL RURAL,2011,0.0,0.0,Formentera
   (HRE) HOTEL RESIDENCIA,2011,0.0,0.0,Formentera
   (HS) HOSTAL,2011,18.0,1195.0,Formentera
   (HSR) HOSTAL RESIDENCIA,2011,9.0,385.0,Formentera
   (PE) PENSIÓN,2011,0.0,0.0,Formentera
   (RA) RESIDENCIA APARTAMENTO,2011,0.0,0.0,Formentera
   (TI) TURISMO DE INTERIOR,2011,0.0,0.0,Formentera
   (AG) AGROTURISMO,2010,1.0,12.0,Formentera
   (AP) APARTAMENTOS TURÍSTICOS,2010,75.0,3019.0,Formentera
   (CH) CASA DE HUÉSPEDES,2010,8.0,125.0,Formentera
   (CT) CAMPING TURÍSTICO,2010,0.0,0.0,Formentera
   (CV) CIUDAD DE VACACIONES,2010,2.0,1193.0,Formentera
   (F) FONDA,2010,1.0,30.0,Formentera
   (H) HOTEL,2010,7.0,1749.0,Formentera
   (HA) HOTEL APARTAMENTO,2010,0.0,0.0,Formentera
   (HO) HOSPEDERÍA,2010,,,Formentera
   (HR) HOTEL RURAL,2010,0.0,0.0,Formentera
   (HRE) HOTEL RESIDENCIA,2010,0.0,0.0,Formentera
   (HS) HOSTAL,2010,18.0,1195.0,Formentera
   (HSR) HOSTAL RESIDENCIA,2010,9.0,385.0,Formentera
   (PE) PENSIÓN,2010,0.0,0.0,Formentera
   (RA) RESIDENCIA APARTAMENTO,2010,0.0,0.0,Formentera
   (TI) TURISMO DE INTERIOR,2010,0.0,0.0,Formentera
   (AG) AGROTURISMO,2009,1.0,12.0,Formentera
   (AP) APARTAMENTOS TURÍSTICOS,2009,75.0,3019.0,Formentera
   (CH) CASA DE HUÉSPEDES,2009,8.0,125.0,Formentera
   (CT) CAMPING TURÍSTICO,2009,0.0,0.0,Formentera
   (CV) CIUDAD DE VACACIONES,2009,2.0,1193.0,Formentera
   (F) FONDA,2009,1.0,30.0,Formentera
   (H) HOTEL,2009,7.0,1749.0,Formentera
   (HA) HOTEL APARTAMENTO,2009,0.0,0.0,Formentera
   (HO) HOSPEDERÍA,2009,,,Formentera
   (HR) HOTEL RURAL,2009,0.0,0.0,Formentera
   (HRE) HOTEL RESIDENCIA,2009,0.0,0.0,Formentera
   (HS) HOSTAL,2009,18.0,1195.0,Formentera
   (HSR) HOSTAL RESIDENCIA,2009,9.0,385.0,Formentera
   (PE) PENSIÓN,2009,0.0,0.0,Formentera
   (RA) RESIDENCIA APARTAMENTO,2009,0.0,0.0,Formentera
   (TI) TURISMO DE INTERIOR,2009,0.0,0.0,Formentera
   (AG) AGROTURISMO,2008,1.0,12.0,Formentera
   (AP) APARTAMENTOS TURÍSTICOS,2008,75.0,3019.0,Formentera
   (CH) CASA DE HUÉSPEDES,2008,8.0,125.0,Formentera
   (CT) CAMPING TURÍSTICO,2008,0.0,0.0,Formentera
   (CV) CIUDAD DE VACACIONES,2008,2.0,1193.0,Formentera
   (F) FONDA,2008,1.0,30.0,Formentera
   (H) HOTEL,2008,7.0,1749.0,Formentera
   (HA) HOTEL APARTAMENTO,2008,0.0,0.0,Formentera
   (HO) HOSPEDERÍA,2008,,,Formentera
   (HR) HOTEL RURAL,2008,0.0,0.0,Formentera
   (HRE) HOTEL RESIDENCIA,2008,0.0,0.0,Formentera
   (HS) HOSTAL,2008,18.0,1195.0,Formentera
   (HSR) HOSTAL RESIDENCIA,2008,9.0,385.0,Formentera
   (PE) PENSIÓN,2008,0.0,0.0,Formentera
   (RA) RESIDENCIA APARTAMENTO,2008,0.0,0.0,Formentera
   (TI) TURISMO DE INTERIOR,2008,0.0,0.0,Formentera
